hotel_id,hotel_name,content_type,original_city,original_rating,original_review_count,ai_description
H0001,Rodriguez Hotel,good,Cologne,3.4,209,"Rodriguez Hotel is located in Cologne, Germany. The hotel has a guest rating of 3.4 based on 209 reviews. Guests can explore the property through a collection of 24 available images."
H0002,Stanley Hotel,good,Aachen,4.9,844,"Stanley Hotel is located in Aachen, Germany. The hotel has a guest rating of 4.9 based on 844 reviews. Guests can explore the property through a collection of 22 available images."
H0003,Stafford Hotel,good,Frankfurt,4.3,265,"Stafford Hotel is located in Frankfurt, Germany. The hotel has a guest rating of 4.3 based on 265 reviews. Guests can explore the property through a collection of 1 available images."
H0004,Nguyen Hotel,good,Dusseldorf,4.0,4602,"Nguyen Hotel is located in Dusseldorf, Germany. The hotel has a guest rating of 4.0 based on 4602 reviews. Guests can explore the property through a collection of 7 available images."
H0005,Kim Hotel,minor_error,Stuttgart,2.9,4832,"Kim Hotel is located in Frankfurt, Germany. The hotel has a guest rating of 2.9 based on 4832 reviews."
H0006,Reynolds Hotel,good,Aachen,2.9,3467,"Reynolds Hotel is located in Aachen, Germany. The hotel has a guest rating of 2.9 based on 3467 reviews. Guests can explore the property through a collection of 11 available images."
H0007,Lynch Hotel,good,Hamburg,2.6,842,"Lynch Hotel is located in Hamburg, Germany. The hotel has a guest rating of 2.6 based on 842 reviews. Guests can explore the property through a collection of 3 available images."
H0008,Holmes Hotel,good,Hamburg,4.7,4950,"Holmes Hotel is located in Hamburg, Germany. The hotel has a guest rating of 4.7 based on 4950 reviews. Guests can explore the property through a collection of 9 available images."
H0009,Allen Hotel,good,Cologne,4.0,3105,"Allen Hotel is located in Cologne, Germany. The hotel has a guest rating of 4.0 based on 3105 reviews. Guests can explore the property through a collection of 3 available images."
H0010,Ritter Hotel,good,Hamburg,4.3,4734,"Ritter Hotel is located in Hamburg, Germany. The hotel has a guest rating of 4.3 based on 4734 reviews. Guests can explore the property through a collection of 7 available images."
H0011,Ellison Hotel,good,Berlin,2.6,2375,"Ellison Hotel is located in Berlin, Germany. The hotel has a guest rating of 2.6 based on 2375 reviews. Guests can explore the property through a collection of 3 available images."
H0012,Novak Hotel,good,Frankfurt,4.9,2282,"Novak Hotel is located in Frankfurt, Germany. The hotel has a guest rating of 4.9 based on 2282 reviews. Guests can explore the property through a collection of 15 available images."
H0013,George Hotel,good,Hamburg,4.6,1721,"George Hotel is located in Hamburg, Germany. The hotel has a guest rating of 4.6 based on 1721 reviews. Guests can explore the property through a collection of 22 available images."
H0014,Huber Hotel,good,Cologne,3.0,4995,"Huber Hotel is located in Cologne, Germany. The hotel has a guest rating of 3.0 based on 4995 reviews. Guests can explore the property through a collection of 21 available images."
H0015,Armstrong Hotel,good,Berlin,3.0,1343,"Armstrong Hotel is located in Berlin, Germany. The hotel has a guest rating of 3.0 based on 1343 reviews. Guests can explore the property through a collection of 15 available images."
H0016,Howell Hotel,good,Berlin,3.0,2661,"Howell Hotel is located in Berlin, Germany. The hotel has a guest rating of 3.0 based on 2661 reviews. Guests can explore the property through a collection of 27 available images."
H0017,Barr Hotel,minor_error,Dusseldorf,3.3,2589,"Barr Hotel is located in Munich, Germany. The hotel has a guest rating of 3.3 based on 2589 reviews."
H0018,Nelson Hotel,good,Hamburg,3.8,1746,"Nelson Hotel is located in Hamburg, Germany. The hotel has a guest rating of 3.8 based on 1746 reviews. Guests can explore the property through a collection of 21 available images."
H0019,Brown Hotel,good,Stuttgart,3.6,1175,"Brown Hotel is located in Stuttgart, Germany. The hotel has a guest rating of 3.6 based on 1175 reviews. Guests can explore the property through a collection of 9 available images."
H0020,Sandoval Hotel,good,Munich,3.2,4793,"Sandoval Hotel is located in Munich, Germany. The hotel has a guest rating of 3.2 based on 4793 reviews. Guests can explore the property through a collection of 14 available images."
H0021,Mack Hotel,hallucination,Berlin,4.0,1138,"Mack Hotel is a luxury 5-star hotel located in Munich. The property features 250 rooms, a rooftop swimming pool, a private spa and a Michelin-starred restaurant. Guests can enjoy complimentary airport transfers and 24-hour butler service."
H0022,Pitts Hotel,good,Dusseldorf,2.8,903,"Pitts Hotel is located in Dusseldorf, Germany. The hotel has a guest rating of 2.8 based on 903 reviews. Guests can explore the property through a collection of 5 available images."
H0023,Jackson Hotel,good,Frankfurt,3.2,4890,"Jackson Hotel is located in Frankfurt, Germany. The hotel has a guest rating of 3.2 based on 4890 reviews. Guests can explore the property through a collection of 3 available images."
H0024,Taylor Hotel,good,Stuttgart,3.4,4339,"Taylor Hotel is located in Stuttgart, Germany. The hotel has a guest rating of 3.4 based on 4339 reviews. Guests can explore the property through a collection of 9 available images."
H0025,Jones Hotel,minor_error,Dusseldorf,3.6,943,"Jones Hotel is located in Frankfurt, Germany. The hotel has a guest rating of 3.6 based on 943 reviews."
H0026,Thompson Hotel,good,Hamburg,4.5,918,"Thompson Hotel is located in Hamburg, Germany. The hotel has a guest rating of 4.5 based on 918 reviews. Guests can explore the property through a collection of 10 available images."
H0027,Meyer Hotel,good,Dusseldorf,3.0,2162,"Meyer Hotel is located in Dusseldorf, Germany. The hotel has a guest rating of 3.0 based on 2162 reviews. Guests can explore the property through a collection of 17 available images."
H0028,Mccarthy Hotel,good,Cologne,3.8,2449,"Mccarthy Hotel is located in Cologne, Germany. The hotel has a guest rating of 3.8 based on 2449 reviews. Guests can explore the property through a collection of 27 available images."
H0029,Torres Hotel,good,Aachen,4.0,3068,"Torres Hotel is located in Aachen, Germany. The hotel has a guest rating of 4.0 based on 3068 reviews. Guests can explore the property through a collection of 25 available images."
H0030,Jordan Hotel,hallucination,Dusseldorf,2.6,4911,"Jordan Hotel is a luxury 5-star hotel located in Munich. The property features 250 rooms, a rooftop swimming pool, a private spa and a Michelin-starred restaurant. Guests can enjoy complimentary airport transfers and 24-hour butler service."
H0031,Holt Hotel,good,Hamburg,4.0,2524,"Holt Hotel is located in Hamburg, Germany. The hotel has a guest rating of 4.0 based on 2524 reviews. Guests can explore the property through a collection of 8 available images."
H0032,Evans Hotel,good,Cologne,2.9,706,"Evans Hotel is located in Cologne, Germany. The hotel has a guest rating of 2.9 based on 706 reviews. Guests can explore the property through a collection of 24 available images."
H0033,Thompson Hotel,good,Aachen,2.7,1056,"Thompson Hotel is located in Aachen, Germany. The hotel has a guest rating of 2.7 based on 1056 reviews. Guests can explore the property through a collection of 22 available images."
H0034,Stevens Hotel,minor_error,Aachen,4.9,2176,"Stevens Hotel is located in Munich, Germany. The hotel has a guest rating of 4.9 based on 2176 reviews."
H0035,Barnes Hotel,good,Berlin,4.9,2558,"Barnes Hotel is located in Berlin, Germany. The hotel has a guest rating of 4.9 based on 2558 reviews. Guests can explore the property through a collection of 13 available images."
H0036,Lewis Hotel,minor_error,Stuttgart,4.5,996,"Lewis Hotel is located in Munich, Germany. The hotel has a guest rating of 4.5 based on 996 reviews."
H0037,Proctor Hotel,minor_error,Dusseldorf,3.3,4824,"Proctor Hotel is located in Munich, Germany. The hotel has a guest rating of 3.3 based on 4824 reviews."
H0038,Lee Hotel,minor_error,Dusseldorf,2.7,586,"Lee Hotel is located in Hamburg, Germany. The hotel has a guest rating of 2.7 based on 586 reviews."
H0039,Johnston Hotel,good,Dusseldorf,4.2,2711,"Johnston Hotel is located in Dusseldorf, Germany. The hotel has a guest rating of 4.2 based on 2711 reviews. Guests can explore the property through a collection of 3 available images."
H0040,Payne Hotel,good,Stuttgart,3.6,1760,"Payne Hotel is located in Stuttgart, Germany. The hotel has a guest rating of 3.6 based on 1760 reviews. Guests can explore the property through a collection of 18 available images."
H0041,Duarte Hotel,good,Stuttgart,2.8,1995,"Duarte Hotel is located in Stuttgart, Germany. The hotel has a guest rating of 2.8 based on 1995 reviews. Guests can explore the property through a collection of 26 available images."
H0042,Mcdaniel Hotel,good,Berlin,3.7,777,"Mcdaniel Hotel is located in Berlin, Germany. The hotel has a guest rating of 3.7 based on 777 reviews. Guests can explore the property through a collection of 4 available images."
H0043,Mills Hotel,good,Frankfurt,5.8,3830,"Mills Hotel is located in Frankfurt, Germany. The hotel has a guest rating of 5.8 based on 3830 reviews. Guests can explore the property through a collection of 28 available images."
H0044,Castro Hotel,good,Cologne,4.8,501,"Castro Hotel is located in Cologne, Germany. The hotel has a guest rating of 4.8 based on 501 reviews. Guests can explore the property through a collection of 13 available images."
H0045,Cook Hotel,hallucination,Cologne,3.1,2041,"Cook Hotel is a luxury 5-star hotel located in Munich. The property features 250 rooms, a rooftop swimming pool, a private spa and a Michelin-starred restaurant. Guests can enjoy complimentary airport transfers and 24-hour butler service."
H0046,Gallagher Hotel,good,Aachen,4.2,3461,"Gallagher Hotel is located in Aachen, Germany. The hotel has a guest rating of 4.2 based on 3461 reviews. Guests can explore the property through a collection of 6 available images."
H0047,Fox Hotel,good,Cologne,3.3,3635,"Fox Hotel is located in Cologne, Germany. The hotel has a guest rating of 3.3 based on 3635 reviews. Guests can explore the property through a collection of 26 available images."
H0048,Johnston Hotel,good,Dusseldorf,3.8,769,"Johnston Hotel is located in Dusseldorf, Germany. The hotel has a guest rating of 3.8 based on 769 reviews. Guests can explore the property through a collection of 30 available images."
H0049,Mayo Hotel,minor_error,Stuttgart,3.9,3948,"Mayo Hotel is located in Berlin, Germany. The hotel has a guest rating of 3.9 based on 3948 reviews."
H0050,Maldonado Hotel,good,Aachen,3.0,3109,"Maldonado Hotel is located in Aachen, Germany. The hotel has a guest rating of 3.0 based on 3109 reviews. Guests can explore the property through a collection of 1 available images."
H0051,Barber Hotel,good,Stuttgart,4.9,2341,"Barber Hotel is located in Stuttgart, Germany. The hotel has a guest rating of 4.9 based on 2341 reviews. Guests can explore the property through a collection of 14 available images."
H0052,Blevins Hotel,hallucination,Stuttgart,4.4,1273,"Blevins Hotel is a luxury 5-star hotel located in Munich. The property features 250 rooms, a rooftop swimming pool, a private spa and a Michelin-starred restaurant. Guests can enjoy complimentary airport transfers and 24-hour butler service."
H0053,Todd Hotel,good,Dusseldorf,4.8,4749,"Todd Hotel is located in Dusseldorf, Germany. The hotel has a guest rating of 4.8 based on 4749 reviews. Guests can explore the property through a collection of 24 available images."
H0054,Price Hotel,good,Hamburg,4.7,473,"Price Hotel is located in Hamburg, Germany. The hotel has a guest rating of 4.7 based on 473 reviews. Guests can explore the property through a collection of 2 available images."
H0055,Cummings Hotel,good,Aachen,4.0,470,"Cummings Hotel is located in Aachen, Germany. The hotel has a guest rating of 4.0 based on 470 reviews. Guests can explore the property through a collection of 17 available images."
H0056,Harris Hotel,minor_error,Cologne,4.8,4879,"Harris Hotel is located in Munich, Germany. The hotel has a guest rating of 4.8 based on 4879 reviews."
H0057,Larson Hotel,minor_error,Berlin,2.7,4747,"Larson Hotel is located in Munich, Germany. The hotel has a guest rating of 2.7 based on 4747 reviews."
H0058,Peterson Hotel,good,Frankfurt,3.0,4786,"Peterson Hotel is located in Frankfurt, Germany. The hotel has a guest rating of 3.0 based on 4786 reviews. Guests can explore the property through a collection of 19 available images."
H0059,Conner Hotel,good,Munich,2.6,1678,"Conner Hotel is located in Munich, Germany. The hotel has a guest rating of 2.6 based on 1678 reviews. Guests can explore the property through a collection of 22 available images."
H0060,Morrow Hotel,hallucination,Frankfurt,3.3,1077,"Morrow Hotel is a luxury 5-star hotel located in Munich. The property features 250 rooms, a rooftop swimming pool, a private spa and a Michelin-starred restaurant. Guests can enjoy complimentary airport transfers and 24-hour butler service."
H0061,Briggs Hotel,good,Cologne,3.5,81,"Briggs Hotel is located in Cologne, Germany. The hotel has a guest rating of 3.5 based on 81 reviews. Guests can explore the property through a collection of 15 available images."
H0062,Sullivan Hotel,minor_error,Cologne,3.2,4409,"Sullivan Hotel is located in Berlin, Germany. The hotel has a guest rating of 3.2 based on 4409 reviews."
H0063,Elliott Hotel,good,Hamburg,4.6,568,"Elliott Hotel is located in Hamburg, Germany. The hotel has a guest rating of 4.6 based on 568 reviews. Guests can explore the property through a collection of 29 available images."
H0064,Freeman Hotel,good,Aachen,3.4,3594,"Freeman Hotel is located in Aachen, Germany. The hotel has a guest rating of 3.4 based on 3594 reviews. Guests can explore the property through a collection of 27 available images."
H0065,Walters Hotel,hallucination,Dusseldorf,3.2,4548,"Walters Hotel is a luxury 5-star hotel located in Munich. The property features 250 rooms, a rooftop swimming pool, a private spa and a Michelin-starred restaurant. Guests can enjoy complimentary airport transfers and 24-hour butler service."
H0066,Mason Hotel,good,Aachen,3.9,2171,"Mason Hotel is located in Aachen, Germany. The hotel has a guest rating of 3.9 based on 2171 reviews. Guests can explore the property through a collection of 4 available images."
H0067,Hayden Hotel,good,Aachen,2.9,2236,"Hayden Hotel is located in Aachen, Germany. The hotel has a guest rating of 2.9 based on 2236 reviews. Guests can explore the property through a collection of 1 available images."
H0068,Patel Hotel,good,Berlin,4.5,2167,"Patel Hotel is located in Berlin, Germany. The hotel has a guest rating of 4.5 based on 2167 reviews. Guests can explore the property through a collection of 17 available images."
H0069,Oneal Hotel,good,Dusseldorf,2.7,761,"Oneal Hotel is located in Dusseldorf, Germany. The hotel has a guest rating of 2.7 based on 761 reviews. Guests can explore the property through a collection of 21 available images."
H0070,Welch Hotel,good,Dusseldorf,5.0,34,"Welch Hotel is located in Dusseldorf, Germany. The hotel has a guest rating of 5.0 based on 34 reviews. Guests can explore the property through a collection of 11 available images."
H0071,Miller Hotel,good,Munich,4.4,1328,"Miller Hotel is located in Munich, Germany. The hotel has a guest rating of 4.4 based on 1328 reviews. Guests can explore the property through a collection of 24 available images."
H0072,Chambers Hotel,minor_error,Frankfurt,3.0,4599,"Chambers Hotel is located in Hamburg, Germany. The hotel has a guest rating of 3.0 based on 4599 reviews."
H0073,Gutierrez Hotel,good,Aachen,2.5,4474,"Gutierrez Hotel is located in Aachen, Germany. The hotel has a guest rating of 2.5 based on 4474 reviews. Guests can explore the property through a collection of 2 available images."
H0074,Gonzalez Hotel,hallucination,Aachen,4.5,3525,"Gonzalez Hotel is a luxury 5-star hotel located in Munich. The property features 250 rooms, a rooftop swimming pool, a private spa and a Michelin-starred restaurant. Guests can enjoy complimentary airport transfers and 24-hour butler service."
H0075,Hart Hotel,good,Dusseldorf,4.3,2936,"Hart Hotel is located in Dusseldorf, Germany. The hotel has a guest rating of 4.3 based on 2936 reviews. Guests can explore the property through a collection of 7 available images."
H0076,Pope Hotel,good,Hamburg,4.3,4591,"Pope Hotel is located in Hamburg, Germany. The hotel has a guest rating of 4.3 based on 4591 reviews. Guests can explore the property through a collection of 29 available images."
H0077,Mcdowell Hotel,minor_error,Aachen,4.4,1944,"Mcdowell Hotel is located in Munich, Germany. The hotel has a guest rating of 4.4 based on 1944 reviews."
H0078,James Hotel,good,Aachen,2.7,3382,"James Hotel is located in Aachen, Germany. The hotel has a guest rating of 2.7 based on 3382 reviews. Guests can explore the property through a collection of 1 available images."
H0079,Sutton Hotel,minor_error,Hamburg,3.4,3377,"Sutton Hotel is located in Berlin, Germany. The hotel has a guest rating of 3.4 based on 3377 reviews."
H0080,Stevens Hotel,good,Cologne,2.8,3138,"Stevens Hotel is located in Cologne, Germany. The hotel has a guest rating of 2.8 based on 3138 reviews. Guests can explore the property through a collection of 28 available images."
H0081,West Hotel,good,Berlin,4.7,1639,"West Hotel is located in Berlin, Germany. The hotel has a guest rating of 4.7 based on 1639 reviews. Guests can explore the property through a collection of 27 available images."
H0082,Lee Hotel,good,Berlin,4.1,1831,"Lee Hotel is located in Berlin, Germany. The hotel has a guest rating of 4.1 based on 1831 reviews. Guests can explore the property through a collection of 1 available images."
H0083,Ferguson Hotel,good,Munich,3.3,573,"Ferguson Hotel is located in Munich, Germany. The hotel has a guest rating of 3.3 based on 573 reviews. Guests can explore the property through a collection of 1 available images."
H0084,Franklin Hotel,good,Frankfurt,2.7,4397,"Franklin Hotel is located in Frankfurt, Germany. The hotel has a guest rating of 2.7 based on 4397 reviews. Guests can explore the property through a collection of 11 available images."
H0085,Wallace Hotel,hallucination,Munich,3.3,1467,"Wallace Hotel is a luxury 5-star hotel located in Munich. The property features 250 rooms, a rooftop swimming pool, a private spa and a Michelin-starred restaurant. Guests can enjoy complimentary airport transfers and 24-hour butler service."
H0086,Scott Hotel,good,Frankfurt,3.3,2836,"Scott Hotel is located in Frankfurt, Germany. The hotel has a guest rating of 3.3 based on 2836 reviews. Guests can explore the property through a collection of 24 available images."
H0087,Pittman Hotel,good,Cologne,4.3,3160,"Pittman Hotel is located in Cologne, Germany. The hotel has a guest rating of 4.3 based on 3160 reviews. Guests can explore the property through a collection of 29 available images."
H0088,Cummings Hotel,minor_error,Dusseldorf,4.1,3577,"Cummings Hotel is located in Munich, Germany. The hotel has a guest rating of 4.1 based on 3577 reviews."
H0089,Lang Hotel,minor_error,Berlin,4.7,2988,"Lang Hotel is located in Munich, Germany. The hotel has a guest rating of 4.7 based on 2988 reviews."
H0090,Reyes Hotel,good,Hamburg,3.7,2576,"Reyes Hotel is located in Hamburg, Germany. The hotel has a guest rating of 3.7 based on 2576 reviews. Guests can explore the property through a collection of 22 available images."
H0091,Hughes Hotel,good,Munich,2.8,4159,"Hughes Hotel is located in Munich, Germany. The hotel has a guest rating of 2.8 based on 4159 reviews. Guests can explore the property through a collection of 10 available images."
H0092,Kennedy Hotel,good,Munich,4.3,4546,"Kennedy Hotel is located in Munich, Germany. The hotel has a guest rating of 4.3 based on 4546 reviews. Guests can explore the property through a collection of 5 available images."
H0093,Barnes Hotel,hallucination,Frankfurt,4.4,1430,"Barnes Hotel is a luxury 5-star hotel located in Munich. The property features 250 rooms, a rooftop swimming pool, a private spa and a Michelin-starred restaurant. Guests can enjoy complimentary airport transfers and 24-hour butler service."
H0094,Romero Hotel,minor_error,Dusseldorf,5.8,2494,"Romero Hotel is located in Munich, Germany. The hotel has a guest rating of 5.8 based on 2494 reviews."
H0095,Smith Hotel,hallucination,Hamburg,4.4,3814,"Smith Hotel is a luxury 5-star hotel located in Munich. The property features 250 rooms, a rooftop swimming pool, a private spa and a Michelin-starred restaurant. Guests can enjoy complimentary airport transfers and 24-hour butler service."
H0096,Mitchell Hotel,minor_error,Stuttgart,3.7,1395,"Mitchell Hotel is located in Frankfurt, Germany. The hotel has a guest rating of 3.7 based on 1395 reviews."
H0097,Anderson Hotel,hallucination,Hamburg,3.8,770,"Anderson Hotel is a luxury 5-star hotel located in Munich. The property features 250 rooms, a rooftop swimming pool, a private spa and a Michelin-starred restaurant. Guests can enjoy complimentary airport transfers and 24-hour butler service."
H0098,Richmond Hotel,minor_error,Berlin,3.6,1636,"Richmond Hotel is located in Munich, Germany. The hotel has a guest rating of 3.6 based on 1636 reviews."
H0099,Hopkins Hotel,minor_error,Stuttgart,2.6,601,"Hopkins Hotel is located in Frankfurt, Germany. The hotel has a guest rating of 2.6 based on 601 reviews."
H0100,Guzman Hotel,good,Berlin,5.8,3150,"Guzman Hotel is located in Berlin, Germany. The hotel has a guest rating of 5.8 based on 3150 reviews. Guests can explore the property through a collection of 16 available images."
H0101,Barber Hotel,good,Dusseldorf,2.6,878,"Barber Hotel is located in Dusseldorf, Germany. The hotel has a guest rating of 2.6 based on 878 reviews. Guests can explore the property through a collection of 25 available images."
H0102,Robinson Hotel,minor_error,Stuttgart,4.1,416,"Robinson Hotel is located in Frankfurt, Germany. The hotel has a guest rating of 4.1 based on 416 reviews."
H0103,Li Hotel,hallucination,Cologne,3.3,3744,"Li Hotel is a luxury 5-star hotel located in Munich. The property features 250 rooms, a rooftop swimming pool, a private spa and a Michelin-starred restaurant. Guests can enjoy complimentary airport transfers and 24-hour butler service."
H0104,Gomez Hotel,hallucination,Hamburg,3.8,3630,"Gomez Hotel is a luxury 5-star hotel located in Munich. The property features 250 rooms, a rooftop swimming pool, a private spa and a Michelin-starred restaurant. Guests can enjoy complimentary airport transfers and 24-hour butler service."
H0105,Grant Hotel,hallucination,Stuttgart,4.8,1308,"Grant Hotel is a luxury 5-star hotel located in Munich. The property features 250 rooms, a rooftop swimming pool, a private spa and a Michelin-starred restaurant. Guests can enjoy complimentary airport transfers and 24-hour butler service."
H0106,Henderson Hotel,good,Berlin,3.1,2276,"Henderson Hotel is located in Berlin, Germany. The hotel has a guest rating of 3.1 based on 2276 reviews. Guests can explore the property through a collection of 25 available images."
H0107,Bryant Hotel,good,Berlin,3.5,2254,"Bryant Hotel is located in Berlin, Germany. The hotel has a guest rating of 3.5 based on 2254 reviews. Guests can explore the property through a collection of 15 available images."
H0108,Cole Hotel,good,Berlin,4.4,2230,"Cole Hotel is located in Berlin, Germany. The hotel has a guest rating of 4.4 based on 2230 reviews. Guests can explore the property through a collection of 11 available images."
H0109,Buck Hotel,good,Cologne,3.1,1138,"Buck Hotel is located in Cologne, Germany. The hotel has a guest rating of 3.1 based on 1138 reviews. Guests can explore the property through a collection of 5 available images."
H0110,Boyd Hotel,hallucination,Aachen,2.7,1757,"Boyd Hotel is a luxury 5-star hotel located in Munich. The property features 250 rooms, a rooftop swimming pool, a private spa and a Michelin-starred restaurant. Guests can enjoy complimentary airport transfers and 24-hour butler service."
H0111,Watson Hotel,minor_error,Stuttgart,3.2,3411,"Watson Hotel is located in Berlin, Germany. The hotel has a guest rating of 3.2 based on 3411 reviews."
H0112,Wilkerson Hotel,good,Frankfurt,2.9,4789,"Wilkerson Hotel is located in Frankfurt, Germany. The hotel has a guest rating of 2.9 based on 4789 reviews. Guests can explore the property through a collection of 23 available images."
H0113,Baker Hotel,minor_error,Frankfurt,4.8,3912,"Baker Hotel is located in Berlin, Germany. The hotel has a guest rating of 4.8 based on 3912 reviews."
H0114,Acevedo Hotel,minor_error,Frankfurt,4.5,3437,"Acevedo Hotel is located in Munich, Germany. The hotel has a guest rating of 4.5 based on 3437 reviews."
H0115,King Hotel,good,Berlin,4.1,4004,"King Hotel is located in Berlin, Germany. The hotel has a guest rating of 4.1 based on 4004 reviews. Guests can explore the property through a collection of 8 available images."
H0116,Reid Hotel,good,Dusseldorf,4.7,3190,"Reid Hotel is located in Dusseldorf, Germany. The hotel has a guest rating of 4.7 based on 3190 reviews. Guests can explore the property through a collection of 11 available images."
H0117,Kent Hotel,good,Stuttgart,4.5,1050,"Kent Hotel is located in Stuttgart, Germany. The hotel has a guest rating of 4.5 based on 1050 reviews. Guests can explore the property through a collection of 20 available images."
H0118,Montgomery Hotel,good,Frankfurt,3.0,4853,"Montgomery Hotel is located in Frankfurt, Germany. The hotel has a guest rating of 3.0 based on 4853 reviews. Guests can explore the property through a collection of 19 available images."
H0119,Warren Hotel,minor_error,Frankfurt,4.7,1116,"Warren Hotel is located in Hamburg, Germany. The hotel has a guest rating of 4.7 based on 1116 reviews."
H0120,Smith Hotel,hallucination,Munich,3.8,3110,"Smith Hotel is a luxury 5-star hotel located in Munich. The property features 250 rooms, a rooftop swimming pool, a private spa and a Michelin-starred restaurant. Guests can enjoy complimentary airport transfers and 24-hour butler service."
H0121,Holmes Hotel,hallucination,Hamburg,4.5,3110,"Holmes Hotel is a luxury 5-star hotel located in Munich. The property features 250 rooms, a rooftop swimming pool, a private spa and a Michelin-starred restaurant. Guests can enjoy complimentary airport transfers and 24-hour butler service."
H0122,Garcia Hotel,minor_error,Cologne,4.7,3857,"Garcia Hotel is located in Berlin, Germany. The hotel has a guest rating of 4.7 based on 3857 reviews."
H0123,Franklin Hotel,minor_error,Hamburg,3.3,1841,"Franklin Hotel is located in Frankfurt, Germany. The hotel has a guest rating of 3.3 based on 1841 reviews."
H0124,Rodriguez Hotel,minor_error,Dusseldorf,2.8,259,"Rodriguez Hotel is located in Hamburg, Germany. The hotel has a guest rating of 2.8 based on 259 reviews."
H0125,Watson Hotel,good,Aachen,3.1,1959,"Watson Hotel is located in Aachen, Germany. The hotel has a guest rating of 3.1 based on 1959 reviews. Guests can explore the property through a collection of 5 available images."
H0126,Collins Hotel,good,Berlin,3.6,3814,"Collins Hotel is located in Berlin, Germany. The hotel has a guest rating of 3.6 based on 3814 reviews. Guests can explore the property through a collection of 23 available images."
H0127,Reynolds Hotel,good,Aachen,4.5,4968,"Reynolds Hotel is located in Aachen, Germany. The hotel has a guest rating of 4.5 based on 4968 reviews. Guests can explore the property through a collection of 20 available images."
H0128,Mills Hotel,good,Aachen,4.7,2553,"Mills Hotel is located in Aachen, Germany. The hotel has a guest rating of 4.7 based on 2553 reviews. Guests can explore the property through a collection of 4 available images."
H0129,Thompson Hotel,good,Munich,2.5,4721,"Thompson Hotel is located in Munich, Germany. The hotel has a guest rating of 2.5 based on 4721 reviews. Guests can explore the property through a collection of 22 available images."
H0130,Briggs Hotel,good,Berlin,3.8,627,"Briggs Hotel is located in Berlin, Germany. The hotel has a guest rating of 3.8 based on 627 reviews. Guests can explore the property through a collection of 19 available images."
H0131,Taylor Hotel,good,Munich,3.5,4923,"Taylor Hotel is located in Munich, Germany. The hotel has a guest rating of 3.5 based on 4923 reviews. Guests can explore the property through a collection of 26 available images."
H0132,Bush Hotel,good,Dusseldorf,3.1,2849,"Bush Hotel is located in Dusseldorf, Germany. The hotel has a guest rating of 3.1 based on 2849 reviews. Guests can explore the property through a collection of 1 available images."
H0133,Richardson Hotel,good,Cologne,2.8,4149,"Richardson Hotel is located in Cologne, Germany. The hotel has a guest rating of 2.8 based on 4149 reviews. Guests can explore the property through a collection of 21 available images."
H0134,Cherry Hotel,hallucination,Frankfurt,3.3,4020,"Cherry Hotel is a luxury 5-star hotel located in Munich. The property features 250 rooms, a rooftop swimming pool, a private spa and a Michelin-starred restaurant. Guests can enjoy complimentary airport transfers and 24-hour butler service."
H0135,Solomon Hotel,minor_error,Stuttgart,4.9,1258,"Solomon Hotel is located in Munich, Germany. The hotel has a guest rating of 4.9 based on 1258 reviews."
H0136,Small Hotel,good,Munich,3.3,4413,"Small Hotel is located in Munich, Germany. The hotel has a guest rating of 3.3 based on 4413 reviews. Guests can explore the property through a collection of 25 available images."
H0137,Ross Hotel,good,Munich,3.8,2645,"Ross Hotel is located in Munich, Germany. The hotel has a guest rating of 3.8 based on 2645 reviews. Guests can explore the property through a collection of 1 available images."
H0138,Martinez Hotel,good,Cologne,4.3,2289,"Martinez Hotel is located in Cologne, Germany. The hotel has a guest rating of 4.3 based on 2289 reviews. Guests can explore the property through a collection of 29 available images."
H0139,House Hotel,minor_error,Stuttgart,3.4,4673,"House Hotel is located in Frankfurt, Germany. The hotel has a guest rating of 3.4 based on 4673 reviews."
H0140,Gonzales Hotel,good,Stuttgart,4.9,2667,"Gonzales Hotel is located in Stuttgart, Germany. The hotel has a guest rating of 4.9 based on 2667 reviews. Guests can explore the property through a collection of 6 available images."
H0141,Cruz Hotel,good,Munich,4.9,2793,"Cruz Hotel is located in Munich, Germany. The hotel has a guest rating of 4.9 based on 2793 reviews. Guests can explore the property through a collection of 9 available images."
H0142,Sims Hotel,good,Berlin,3.1,706,"Sims Hotel is located in Berlin, Germany. The hotel has a guest rating of 3.1 based on 706 reviews. Guests can explore the property through a collection of 8 available images."
H0143,Shields Hotel,good,Berlin,3.7,3905,"Shields Hotel is located in Berlin, Germany. The hotel has a guest rating of 3.7 based on 3905 reviews. Guests can explore the property through a collection of 21 available images."
H0144,Atkins Hotel,good,Dusseldorf,3.3,767,"Atkins Hotel is located in Dusseldorf, Germany. The hotel has a guest rating of 3.3 based on 767 reviews. Guests can explore the property through a collection of 10 available images."
H0145,Wood Hotel,good,Berlin,3.2,2513,"Wood Hotel is located in Berlin, Germany. The hotel has a guest rating of 3.2 based on 2513 reviews. Guests can explore the property through a collection of 22 available images."
H0146,Martinez Hotel,good,Hamburg,2.6,3490,"Martinez Hotel is located in Hamburg, Germany. The hotel has a guest rating of 2.6 based on 3490 reviews. Guests can explore the property through a collection of 24 available images."
H0147,Jones Hotel,good,Stuttgart,4.0,2224,"Jones Hotel is located in Stuttgart, Germany. The hotel has a guest rating of 4.0 based on 2224 reviews. Guests can explore the property through a collection of 10 available images."
H0148,Le Hotel,minor_error,Berlin,3.8,2589,"Le Hotel is located in Frankfurt, Germany. The hotel has a guest rating of 3.8 based on 2589 reviews."
H0149,Ewing Hotel,minor_error,Aachen,2.6,1574,"Ewing Hotel is located in Munich, Germany. The hotel has a guest rating of 2.6 based on 1574 reviews."
H0150,Bright Hotel,good,Munich,3.2,828,"Bright Hotel is located in Munich, Germany. The hotel has a guest rating of 3.2 based on 828 reviews. Guests can explore the property through a collection of 27 available images."
H0151,Martin Hotel,good,Hamburg,4.8,1474,"Martin Hotel is located in Hamburg, Germany. The hotel has a guest rating of 4.8 based on 1474 reviews. Guests can explore the property through a collection of 10 available images."
H0152,Finley Hotel,good,Aachen,3.1,2252,"Finley Hotel is located in Aachen, Germany. The hotel has a guest rating of 3.1 based on 2252 reviews. Guests can explore the property through a collection of 2 available images."
H0153,Ingram Hotel,good,Aachen,2.9,4026,"Ingram Hotel is located in Aachen, Germany. The hotel has a guest rating of 2.9 based on 4026 reviews. Guests can explore the property through a collection of 4 available images."
H0154,Evans Hotel,good,Stuttgart,3.7,3926,"Evans Hotel is located in Stuttgart, Germany. The hotel has a guest rating of 3.7 based on 3926 reviews. Guests can explore the property through a collection of 15 available images."
H0155,Kelly Hotel,minor_error,Dusseldorf,5.0,2073,"Kelly Hotel is located in Frankfurt, Germany. The hotel has a guest rating of 5.0 based on 2073 reviews."
H0156,Jones Hotel,minor_error,Cologne,3.1,3287,"Jones Hotel is located in Frankfurt, Germany. The hotel has a guest rating of 3.1 based on 3287 reviews."
H0157,Farmer Hotel,good,Dusseldorf,4.2,1247,"Farmer Hotel is located in Dusseldorf, Germany. The hotel has a guest rating of 4.2 based on 1247 reviews. Guests can explore the property through a collection of 5 available images."
H0158,Allen Hotel,good,Cologne,4.4,2038,"Allen Hotel is located in Cologne, Germany. The hotel has a guest rating of 4.4 based on 2038 reviews. Guests can explore the property through a collection of 4 available images."
H0159,Myers Hotel,good,Berlin,3.1,4285,"Myers Hotel is located in Berlin, Germany. The hotel has a guest rating of 3.1 based on 4285 reviews. Guests can explore the property through a collection of 13 available images."
H0160,Reilly Hotel,good,Munich,4.3,4826,"Reilly Hotel is located in Munich, Germany. The hotel has a guest rating of 4.3 based on 4826 reviews. Guests can explore the property through a collection of 14 available images."
H0161,Pace Hotel,good,Dusseldorf,3.4,4999,"Pace Hotel is located in Dusseldorf, Germany. The hotel has a guest rating of 3.4 based on 4999 reviews. Guests can explore the property through a collection of 24 available images."
H0162,Foster Hotel,minor_error,Berlin,4.1,1733,"Foster Hotel is located in Munich, Germany. The hotel has a guest rating of 4.1 based on 1733 reviews."
H0163,Smith Hotel,good,Aachen,4.1,4526,"Smith Hotel is located in Aachen, Germany. The hotel has a guest rating of 4.1 based on 4526 reviews. Guests can explore the property through a collection of 3 available images."
H0164,Young Hotel,good,Stuttgart,3.8,4869,"Young Hotel is located in Stuttgart, Germany. The hotel has a guest rating of 3.8 based on 4869 reviews. Guests can explore the property through a collection of 16 available images."
H0165,Ayala Hotel,minor_error,Munich,2.7,2321,"Ayala Hotel is located in Frankfurt, Germany. The hotel has a guest rating of 2.7 based on 2321 reviews."
H0166,Welch Hotel,good,Berlin,4.6,2172,"Welch Hotel is located in Berlin, Germany. The hotel has a guest rating of 4.6 based on 2172 reviews. Guests can explore the property through a collection of 26 available images."
H0167,Delgado Hotel,good,Berlin,3.3,1225,"Delgado Hotel is located in Berlin, Germany. The hotel has a guest rating of 3.3 based on 1225 reviews. Guests can explore the property through a collection of 30 available images."
H0168,Kelly Hotel,hallucination,Cologne,3.0,493,"Kelly Hotel is a luxury 5-star hotel located in Munich. The property features 250 rooms, a rooftop swimming pool, a private spa and a Michelin-starred restaurant. Guests can enjoy complimentary airport transfers and 24-hour butler service."
H0169,Diaz Hotel,minor_error,Munich,2.6,3602,"Diaz Hotel is located in Frankfurt, Germany. The hotel has a guest rating of 2.6 based on 3602 reviews."
H0170,Meyer Hotel,good,Frankfurt,4.0,2235,"Meyer Hotel is located in Frankfurt, Germany. The hotel has a guest rating of 4.0 based on 2235 reviews. Guests can explore the property through a collection of 1 available images."
H0171,Ramos Hotel,minor_error,Cologne,4.2,4904,"Ramos Hotel is located in Frankfurt, Germany. The hotel has a guest rating of 4.2 based on 4904 reviews."
H0172,Green Hotel,good,Munich,2.5,216,"Green Hotel is located in Munich, Germany. The hotel has a guest rating of 2.5 based on 216 reviews. Guests can explore the property through a collection of 3 available images."
H0173,Cook Hotel,good,Dusseldorf,3.8,2212,"Cook Hotel is located in Dusseldorf, Germany. The hotel has a guest rating of 3.8 based on 2212 reviews. Guests can explore the property through a collection of 19 available images."
H0174,House Hotel,good,Aachen,3.1,3859,"House Hotel is located in Aachen, Germany. The hotel has a guest rating of 3.1 based on 3859 reviews. Guests can explore the property through a collection of 17 available images."
H0175,Jones Hotel,good,Aachen,4.1,4800,"Jones Hotel is located in Aachen, Germany. The hotel has a guest rating of 4.1 based on 4800 reviews. Guests can explore the property through a collection of 14 available images."
H0176,Johnson Hotel,good,Stuttgart,2.9,2855,"Johnson Hotel is located in Stuttgart, Germany. The hotel has a guest rating of 2.9 based on 2855 reviews. Guests can explore the property through a collection of 14 available images."
H0177,Sherman Hotel,minor_error,Cologne,4.2,1322,"Sherman Hotel is located in Hamburg, Germany. The hotel has a guest rating of 4.2 based on 1322 reviews."
H0178,Meyer Hotel,good,Munich,3.5,3285,"Meyer Hotel is located in Munich, Germany. The hotel has a guest rating of 3.5 based on 3285 reviews. Guests can explore the property through a collection of 27 available images."
H0179,Woods Hotel,good,Cologne,4.8,2581,"Woods Hotel is located in Cologne, Germany. The hotel has a guest rating of 4.8 based on 2581 reviews. Guests can explore the property through a collection of 9 available images."
H0180,Lewis Hotel,good,Frankfurt,2.8,4220,"Lewis Hotel is located in Frankfurt, Germany. The hotel has a guest rating of 2.8 based on 4220 reviews. Guests can explore the property through a collection of 27 available images."
H0181,David Hotel,minor_error,Stuttgart,3.4,3390,"David Hotel is located in Berlin, Germany. The hotel has a guest rating of 3.4 based on 3390 reviews."
H0182,Hughes Hotel,good,Stuttgart,2.8,3626,"Hughes Hotel is located in Stuttgart, Germany. The hotel has a guest rating of 2.8 based on 3626 reviews. Guests can explore the property through a collection of 25 available images."
H0183,Banks Hotel,good,Aachen,4.8,2364,"Banks Hotel is located in Aachen, Germany. The hotel has a guest rating of 4.8 based on 2364 reviews. Guests can explore the property through a collection of 15 available images."
H0184,Booker Hotel,minor_error,Berlin,4.7,1302,"Booker Hotel is located in Munich, Germany. The hotel has a guest rating of 4.7 based on 1302 reviews."
H0185,Jordan Hotel,good,Frankfurt,3.1,768,"Jordan Hotel is located in Frankfurt, Germany. The hotel has a guest rating of 3.1 based on 768 reviews. Guests can explore the property through a collection of 8 available images."
H0186,Stokes Hotel,hallucination,Cologne,4.1,1266,"Stokes Hotel is a luxury 5-star hotel located in Munich. The property features 250 rooms, a rooftop swimming pool, a private spa and a Michelin-starred restaurant. Guests can enjoy complimentary airport transfers and 24-hour butler service."
H0187,Bennett Hotel,good,Munich,4.5,3408,"Bennett Hotel is located in Munich, Germany. The hotel has a guest rating of 4.5 based on 3408 reviews. Guests can explore the property through a collection of 27 available images."
H0188,Austin Hotel,good,Berlin,3.9,3746,"Austin Hotel is located in Berlin, Germany. The hotel has a guest rating of 3.9 based on 3746 reviews. Guests can explore the property through a collection of 18 available images."
H0189,Simmons Hotel,good,Aachen,3.8,576,"Simmons Hotel is located in Aachen, Germany. The hotel has a guest rating of 3.8 based on 576 reviews. Guests can explore the property through a collection of 9 available images."
H0190,Hoffman Hotel,good,Munich,3.1,26,"Hoffman Hotel is located in Munich, Germany. The hotel has a guest rating of 3.1 based on 26 reviews. Guests can explore the property through a collection of 10 available images."
H0191,Brooks Hotel,good,Stuttgart,2.7,1222,"Brooks Hotel is located in Stuttgart, Germany. The hotel has a guest rating of 2.7 based on 1222 reviews. Guests can explore the property through a collection of 15 available images."
H0192,Brown Hotel,good,Hamburg,4.7,4526,"Brown Hotel is located in Hamburg, Germany. The hotel has a guest rating of 4.7 based on 4526 reviews. Guests can explore the property through a collection of 25 available images."
H0193,Hammond Hotel,good,Hamburg,4.8,1550,"Hammond Hotel is located in Hamburg, Germany. The hotel has a guest rating of 4.8 based on 1550 reviews. Guests can explore the property through a collection of 23 available images."
H0194,Neal Hotel,good,Berlin,4.1,3370,"Neal Hotel is located in Berlin, Germany. The hotel has a guest rating of 4.1 based on 3370 reviews. Guests can explore the property through a collection of 2 available images."
H0195,Patterson Hotel,good,Frankfurt,3.3,3167,"Patterson Hotel is located in Frankfurt, Germany. The hotel has a guest rating of 3.3 based on 3167 reviews. Guests can explore the property through a collection of 22 available images."
H0196,Lawson Hotel,good,Dusseldorf,3.4,1039,"Lawson Hotel is located in Dusseldorf, Germany. The hotel has a guest rating of 3.4 based on 1039 reviews. Guests can explore the property through a collection of 17 available images."
H0197,Reilly Hotel,good,Stuttgart,4.3,821,"Reilly Hotel is located in Stuttgart, Germany. The hotel has a guest rating of 4.3 based on 821 reviews. Guests can explore the property through a collection of 17 available images."
H0198,Riley Hotel,good,Aachen,4.7,3363,"Riley Hotel is located in Aachen, Germany. The hotel has a guest rating of 4.7 based on 3363 reviews. Guests can explore the property through a collection of 28 available images."
H0199,Murillo Hotel,good,Munich,4.7,2778,"Murillo Hotel is located in Munich, Germany. The hotel has a guest rating of 4.7 based on 2778 reviews. Guests can explore the property through a collection of 20 available images."
H0200,Weaver Hotel,good,Hamburg,4.4,4376,"Weaver Hotel is located in Hamburg, Germany. The hotel has a guest rating of 4.4 based on 4376 reviews. Guests can explore the property through a collection of 13 available images."
H0201,Martin Hotel,hallucination,Stuttgart,4.1,4437,"Martin Hotel is a luxury 5-star hotel located in Munich. The property features 250 rooms, a rooftop swimming pool, a private spa and a Michelin-starred restaurant. Guests can enjoy complimentary airport transfers and 24-hour butler service."
H0202,Bright Hotel,hallucination,Munich,2.7,1868,"Bright Hotel is a luxury 5-star hotel located in Munich. The property features 250 rooms, a rooftop swimming pool, a private spa and a Michelin-starred restaurant. Guests can enjoy complimentary airport transfers and 24-hour butler service."
H0203,Ballard Hotel,good,Cologne,2.9,828,"Ballard Hotel is located in Cologne, Germany. The hotel has a guest rating of 2.9 based on 828 reviews. Guests can explore the property through a collection of 15 available images."
H0204,Johnson Hotel,good,Dusseldorf,4.7,381,"Johnson Hotel is located in Dusseldorf, Germany. The hotel has a guest rating of 4.7 based on 381 reviews. Guests can explore the property through a collection of 11 available images."
H0205,Rogers Hotel,good,Hamburg,4.0,3533,"Rogers Hotel is located in Hamburg, Germany. The hotel has a guest rating of 4.0 based on 3533 reviews. Guests can explore the property through a collection of 5 available images."
H0206,Irwin Hotel,good,Aachen,2.5,1397,"Irwin Hotel is located in Aachen, Germany. The hotel has a guest rating of 2.5 based on 1397 reviews. Guests can explore the property through a collection of 6 available images."
H0207,Ramirez Hotel,good,Frankfurt,2.8,1977,"Ramirez Hotel is located in Frankfurt, Germany. The hotel has a guest rating of 2.8 based on 1977 reviews. Guests can explore the property through a collection of 16 available images."
H0208,Martinez Hotel,good,Stuttgart,4.2,2085,"Martinez Hotel is located in Stuttgart, Germany. The hotel has a guest rating of 4.2 based on 2085 reviews. Guests can explore the property through a collection of 15 available images."
H0209,Perry Hotel,good,Stuttgart,2.5,2361,"Perry Hotel is located in Stuttgart, Germany. The hotel has a guest rating of 2.5 based on 2361 reviews. Guests can explore the property through a collection of 22 available images."
H0210,Santos Hotel,good,Stuttgart,2.9,2835,"Santos Hotel is located in Stuttgart, Germany. The hotel has a guest rating of 2.9 based on 2835 reviews. Guests can explore the property through a collection of 19 available images."
H0211,Sims Hotel,good,Frankfurt,3.9,2053,"Sims Hotel is located in Frankfurt, Germany. The hotel has a guest rating of 3.9 based on 2053 reviews. Guests can explore the property through a collection of 15 available images."
H0212,Thompson Hotel,good,Frankfurt,4.2,3963,"Thompson Hotel is located in Frankfurt, Germany. The hotel has a guest rating of 4.2 based on 3963 reviews. Guests can explore the property through a collection of 4 available images."
H0213,Robertson Hotel,good,Hamburg,4.1,4713,"Robertson Hotel is located in Hamburg, Germany. The hotel has a guest rating of 4.1 based on 4713 reviews. Guests can explore the property through a collection of 10 available images."
H0214,Hayes Hotel,good,Frankfurt,3.1,2253,"Hayes Hotel is located in Frankfurt, Germany. The hotel has a guest rating of 3.1 based on 2253 reviews. Guests can explore the property through a collection of 1 available images."
H0215,Klein Hotel,good,Dusseldorf,4.3,4972,"Klein Hotel is located in Dusseldorf, Germany. The hotel has a guest rating of 4.3 based on 4972 reviews. Guests can explore the property through a collection of 24 available images."
H0216,Mathews Hotel,good,Munich,3.1,1890,"Mathews Hotel is located in Munich, Germany. The hotel has a guest rating of 3.1 based on 1890 reviews. Guests can explore the property through a collection of 20 available images."
H0217,Clark Hotel,hallucination,Berlin,3.3,2058,"Clark Hotel is a luxury 5-star hotel located in Munich. The property features 250 rooms, a rooftop swimming pool, a private spa and a Michelin-starred restaurant. Guests can enjoy complimentary airport transfers and 24-hour butler service."
H0218,White Hotel,minor_error,Dusseldorf,4.4,2535,"White Hotel is located in Frankfurt, Germany. The hotel has a guest rating of 4.4 based on 2535 reviews."
H0219,Torres Hotel,good,Hamburg,4.1,1081,"Torres Hotel is located in Hamburg, Germany. The hotel has a guest rating of 4.1 based on 1081 reviews. Guests can explore the property through a collection of 3 available images."
H0220,Tapia Hotel,minor_error,Frankfurt,4.6,1443,"Tapia Hotel is located in Munich, Germany. The hotel has a guest rating of 4.6 based on 1443 reviews."
H0221,Davis Hotel,hallucination,Hamburg,4.1,4353,"Davis Hotel is a luxury 5-star hotel located in Munich. The property features 250 rooms, a rooftop swimming pool, a private spa and a Michelin-starred restaurant. Guests can enjoy complimentary airport transfers and 24-hour butler service."
H0222,Ingram Hotel,good,Munich,3.9,3952,"Ingram Hotel is located in Munich, Germany. The hotel has a guest rating of 3.9 based on 3952 reviews. Guests can explore the property through a collection of 26 available images."
H0223,Medina Hotel,minor_error,Hamburg,2.7,948,"Medina Hotel is located in Munich, Germany. The hotel has a guest rating of 2.7 based on 948 reviews."
H0224,Flores Hotel,good,Berlin,3.4,3260,"Flores Hotel is located in Berlin, Germany. The hotel has a guest rating of 3.4 based on 3260 reviews. Guests can explore the property through a collection of 28 available images."
H0225,Moreno Hotel,good,Frankfurt,3.2,119,"Moreno Hotel is located in Frankfurt, Germany. The hotel has a guest rating of 3.2 based on 119 reviews. Guests can explore the property through a collection of 9 available images."
H0226,Davis Hotel,good,Hamburg,3.1,2152,"Davis Hotel is located in Hamburg, Germany. The hotel has a guest rating of 3.1 based on 2152 reviews. Guests can explore the property through a collection of 19 available images."
H0227,Galvan Hotel,good,Hamburg,4.9,892,"Galvan Hotel is located in Hamburg, Germany. The hotel has a guest rating of 4.9 based on 892 reviews. Guests can explore the property through a collection of 22 available images."
H0228,Gonzalez Hotel,good,Hamburg,5.8,1818,"Gonzalez Hotel is located in Hamburg, Germany. The hotel has a guest rating of 5.8 based on 1818 reviews. Guests can explore the property through a collection of 21 available images."
H0229,White Hotel,minor_error,Stuttgart,4.7,2480,"White Hotel is located in Berlin, Germany. The hotel has a guest rating of 4.7 based on 2480 reviews."
H0230,Sanchez Hotel,good,Dusseldorf,4.1,309,"Sanchez Hotel is located in Dusseldorf, Germany. The hotel has a guest rating of 4.1 based on 309 reviews. Guests can explore the property through a collection of 10 available images."
H0231,Leon Hotel,minor_error,Berlin,4.5,4408,"Leon Hotel is located in Frankfurt, Germany. The hotel has a guest rating of 4.5 based on 4408 reviews."
H0232,Ryan Hotel,good,Frankfurt,3.8,4816,"Ryan Hotel is located in Frankfurt, Germany. The hotel has a guest rating of 3.8 based on 4816 reviews. Guests can explore the property through a collection of 24 available images."
H0233,Tyler Hotel,hallucination,Cologne,3.9,4013,"Tyler Hotel is a luxury 5-star hotel located in Munich. The property features 250 rooms, a rooftop swimming pool, a private spa and a Michelin-starred restaurant. Guests can enjoy complimentary airport transfers and 24-hour butler service."
H0234,Duffy Hotel,minor_error,Munich,3.7,273,"Duffy Hotel is located in Frankfurt, Germany. The hotel has a guest rating of 3.7 based on 273 reviews."
H0235,Davis Hotel,minor_error,Stuttgart,3.0,1939,"Davis Hotel is located in Berlin, Germany. The hotel has a guest rating of 3.0 based on 1939 reviews."
H0236,Hodges Hotel,good,Hamburg,4.3,4465,"Hodges Hotel is located in Hamburg, Germany. The hotel has a guest rating of 4.3 based on 4465 reviews. Guests can explore the property through a collection of 29 available images."
H0237,Peck Hotel,good,Munich,3.2,1559,"Peck Hotel is located in Munich, Germany. The hotel has a guest rating of 3.2 based on 1559 reviews. Guests can explore the property through a collection of 4 available images."
H0238,Perez Hotel,hallucination,Berlin,2.6,4896,"Perez Hotel is a luxury 5-star hotel located in Munich. The property features 250 rooms, a rooftop swimming pool, a private spa and a Michelin-starred restaurant. Guests can enjoy complimentary airport transfers and 24-hour butler service."
H0239,Bates Hotel,good,Berlin,4.1,1036,"Bates Hotel is located in Berlin, Germany. The hotel has a guest rating of 4.1 based on 1036 reviews. Guests can explore the property through a collection of 26 available images."
H0240,Walker Hotel,good,Berlin,2.9,4808,"Walker Hotel is located in Berlin, Germany. The hotel has a guest rating of 2.9 based on 4808 reviews. Guests can explore the property through a collection of 7 available images."
H0241,Mcdowell Hotel,minor_error,Aachen,4.9,4887,"Mcdowell Hotel is located in Frankfurt, Germany. The hotel has a guest rating of 4.9 based on 4887 reviews."
H0242,Mitchell Hotel,good,Aachen,4.9,1069,"Mitchell Hotel is located in Aachen, Germany. The hotel has a guest rating of 4.9 based on 1069 reviews. Guests can explore the property through a collection of 18 available images."
H0243,Pena Hotel,good,Cologne,4.8,216,"Pena Hotel is located in Cologne, Germany. The hotel has a guest rating of 4.8 based on 216 reviews. Guests can explore the property through a collection of 5 available images."
H0244,Hunter Hotel,minor_error,Berlin,3.4,4828,"Hunter Hotel is located in Hamburg, Germany. The hotel has a guest rating of 3.4 based on 4828 reviews."
H0245,Francis Hotel,good,Dusseldorf,2.5,1043,"Francis Hotel is located in Dusseldorf, Germany. The hotel has a guest rating of 2.5 based on 1043 reviews. Guests can explore the property through a collection of 1 available images."
H0246,Hill Hotel,good,Cologne,4.8,3906,"Hill Hotel is located in Cologne, Germany. The hotel has a guest rating of 4.8 based on 3906 reviews. Guests can explore the property through a collection of 15 available images."
H0247,Nunez Hotel,good,Cologne,3.6,3707,"Nunez Hotel is located in Cologne, Germany. The hotel has a guest rating of 3.6 based on 3707 reviews. Guests can explore the property through a collection of 17 available images."
H0248,Salazar Hotel,good,Dusseldorf,4.9,4276,"Salazar Hotel is located in Dusseldorf, Germany. The hotel has a guest rating of 4.9 based on 4276 reviews. Guests can explore the property through a collection of 1 available images."
H0249,Ayala Hotel,minor_error,Dusseldorf,4.9,503,"Ayala Hotel is located in Hamburg, Germany. The hotel has a guest rating of 4.9 based on 503 reviews."
H0250,Blackwell Hotel,good,Cologne,4.6,4021,"Blackwell Hotel is located in Cologne, Germany. The hotel has a guest rating of 4.6 based on 4021 reviews. Guests can explore the property through a collection of 23 available images."
H0251,Stout Hotel,good,Cologne,3.2,2643,"Stout Hotel is located in Cologne, Germany. The hotel has a guest rating of 3.2 based on 2643 reviews. Guests can explore the property through a collection of 20 available images."
H0252,Austin Hotel,good,Munich,3.5,4800,"Austin Hotel is located in Munich, Germany. The hotel has a guest rating of 3.5 based on 4800 reviews. Guests can explore the property through a collection of 18 available images."
H0253,Ramirez Hotel,minor_error,Munich,4.6,3721,"Ramirez Hotel is located in Hamburg, Germany. The hotel has a guest rating of 4.6 based on 3721 reviews."
H0254,Vazquez Hotel,hallucination,Cologne,3.3,4521,"Vazquez Hotel is a luxury 5-star hotel located in Munich. The property features 250 rooms, a rooftop swimming pool, a private spa and a Michelin-starred restaurant. Guests can enjoy complimentary airport transfers and 24-hour butler service."
H0255,Graham Hotel,minor_error,Berlin,2.9,3394,"Graham Hotel is located in Munich, Germany. The hotel has a guest rating of 2.9 based on 3394 reviews."
H0256,Norton Hotel,hallucination,Cologne,3.9,2565,"Norton Hotel is a luxury 5-star hotel located in Munich. The property features 250 rooms, a rooftop swimming pool, a private spa and a Michelin-starred restaurant. Guests can enjoy complimentary airport transfers and 24-hour butler service."
H0257,Davis Hotel,minor_error,Hamburg,4.8,1255,"Davis Hotel is located in Berlin, Germany. The hotel has a guest rating of 4.8 based on 1255 reviews."
H0258,Holmes Hotel,good,Cologne,4.2,768,"Holmes Hotel is located in Cologne, Germany. The hotel has a guest rating of 4.2 based on 768 reviews. Guests can explore the property through a collection of 14 available images."
H0259,Hopkins Hotel,hallucination,Hamburg,3.9,1070,"Hopkins Hotel is a luxury 5-star hotel located in Munich. The property features 250 rooms, a rooftop swimming pool, a private spa and a Michelin-starred restaurant. Guests can enjoy complimentary airport transfers and 24-hour butler service."
H0260,Jensen Hotel,minor_error,Hamburg,2.7,1006,"Jensen Hotel is located in Munich, Germany. The hotel has a guest rating of 2.7 based on 1006 reviews."
H0261,Ruiz Hotel,good,Frankfurt,4.0,426,"Ruiz Hotel is located in Frankfurt, Germany. The hotel has a guest rating of 4.0 based on 426 reviews. Guests can explore the property through a collection of 10 available images."
H0262,Hughes Hotel,minor_error,Berlin,5.0,1272,"Hughes Hotel is located in Frankfurt, Germany. The hotel has a guest rating of 5.0 based on 1272 reviews."
H0263,Daniel Hotel,minor_error,Cologne,2.9,2873,"Daniel Hotel is located in Hamburg, Germany. The hotel has a guest rating of 2.9 based on 2873 reviews."
H0264,Lopez Hotel,good,Munich,3.8,4708,"Lopez Hotel is located in Munich, Germany. The hotel has a guest rating of 3.8 based on 4708 reviews. Guests can explore the property through a collection of 8 available images."
H0265,Morris Hotel,minor_error,Dusseldorf,4.7,4993,"Morris Hotel is located in Hamburg, Germany. The hotel has a guest rating of 4.7 based on 4993 reviews."
H0266,Smith Hotel,good,Munich,4.4,2536,"Smith Hotel is located in Munich, Germany. The hotel has a guest rating of 4.4 based on 2536 reviews. Guests can explore the property through a collection of 30 available images."
H0267,Henson Hotel,minor_error,Aachen,4.2,1178,"Henson Hotel is located in Berlin, Germany. The hotel has a guest rating of 4.2 based on 1178 reviews."
H0268,Jones Hotel,good,Dusseldorf,4.3,756,"Jones Hotel is located in Dusseldorf, Germany. The hotel has a guest rating of 4.3 based on 756 reviews. Guests can explore the property through a collection of 24 available images."
H0269,Jimenez Hotel,good,Frankfurt,3.4,3721,"Jimenez Hotel is located in Frankfurt, Germany. The hotel has a guest rating of 3.4 based on 3721 reviews. Guests can explore the property through a collection of 11 available images."
H0270,Proctor Hotel,good,Hamburg,3.2,4654,"Proctor Hotel is located in Hamburg, Germany. The hotel has a guest rating of 3.2 based on 4654 reviews. Guests can explore the property through a collection of 20 available images."
H0271,Davis Hotel,good,Aachen,4.5,1294,"Davis Hotel is located in Aachen, Germany. The hotel has a guest rating of 4.5 based on 1294 reviews. Guests can explore the property through a collection of 25 available images."
H0272,Mason Hotel,good,Munich,4.5,3634,"Mason Hotel is located in Munich, Germany. The hotel has a guest rating of 4.5 based on 3634 reviews. Guests can explore the property through a collection of 22 available images."
H0273,Esparza Hotel,minor_error,Stuttgart,5.8,3397,"Esparza Hotel is located in Munich, Germany. The hotel has a guest rating of 5.8 based on 3397 reviews."
H0274,Rogers Hotel,good,Cologne,4.8,2832,"Rogers Hotel is located in Cologne, Germany. The hotel has a guest rating of 4.8 based on 2832 reviews. Guests can explore the property through a collection of 14 available images."
H0275,Williams Hotel,good,Stuttgart,3.8,4321,"Williams Hotel is located in Stuttgart, Germany. The hotel has a guest rating of 3.8 based on 4321 reviews. Guests can explore the property through a collection of 22 available images."
H0276,Taylor Hotel,hallucination,Frankfurt,3.8,4914,"Taylor Hotel is a luxury 5-star hotel located in Munich. The property features 250 rooms, a rooftop swimming pool, a private spa and a Michelin-starred restaurant. Guests can enjoy complimentary airport transfers and 24-hour butler service."
H0277,Moore Hotel,good,Berlin,5.8,1129,"Moore Hotel is located in Berlin, Germany. The hotel has a guest rating of 5.8 based on 1129 reviews. Guests can explore the property through a collection of 25 available images."
H0278,Simpson Hotel,hallucination,Cologne,4.1,68,"Simpson Hotel is a luxury 5-star hotel located in Munich. The property features 250 rooms, a rooftop swimming pool, a private spa and a Michelin-starred restaurant. Guests can enjoy complimentary airport transfers and 24-hour butler service."
H0279,Garza Hotel,good,Frankfurt,4.3,4367,"Garza Hotel is located in Frankfurt, Germany. The hotel has a guest rating of 4.3 based on 4367 reviews. Guests can explore the property through a collection of 23 available images."
H0280,Martinez Hotel,hallucination,Hamburg,4.5,595,"Martinez Hotel is a luxury 5-star hotel located in Munich. The property features 250 rooms, a rooftop swimming pool, a private spa and a Michelin-starred restaurant. Guests can enjoy complimentary airport transfers and 24-hour butler service."
H0281,Jefferson Hotel,good,Stuttgart,4.7,642,"Jefferson Hotel is located in Stuttgart, Germany. The hotel has a guest rating of 4.7 based on 642 reviews. Guests can explore the property through a collection of 28 available images."
H0282,Walker Hotel,hallucination,Frankfurt,3.3,3426,"Walker Hotel is a luxury 5-star hotel located in Munich. The property features 250 rooms, a rooftop swimming pool, a private spa and a Michelin-starred restaurant. Guests can enjoy complimentary airport transfers and 24-hour butler service."
H0283,Barrett Hotel,good,Hamburg,3.4,1412,"Barrett Hotel is located in Hamburg, Germany. The hotel has a guest rating of 3.4 based on 1412 reviews. Guests can explore the property through a collection of 26 available images."
H0284,Bryant Hotel,good,Hamburg,2.7,726,"Bryant Hotel is located in Hamburg, Germany. The hotel has a guest rating of 2.7 based on 726 reviews. Guests can explore the property through a collection of 1 available images."
H0285,Hall Hotel,good,Frankfurt,3.9,4297,"Hall Hotel is located in Frankfurt, Germany. The hotel has a guest rating of 3.9 based on 4297 reviews. Guests can explore the property through a collection of 3 available images."
H0286,Townsend Hotel,minor_error,Hamburg,2.6,1820,"Townsend Hotel is located in Munich, Germany. The hotel has a guest rating of 2.6 based on 1820 reviews."
H0287,Frazier Hotel,good,Cologne,3.7,4351,"Frazier Hotel is located in Cologne, Germany. The hotel has a guest rating of 3.7 based on 4351 reviews. Guests can explore the property through a collection of 1 available images."
H0288,Clark Hotel,hallucination,Hamburg,3.9,2881,"Clark Hotel is a luxury 5-star hotel located in Munich. The property features 250 rooms, a rooftop swimming pool, a private spa and a Michelin-starred restaurant. Guests can enjoy complimentary airport transfers and 24-hour butler service."
H0289,Reed Hotel,good,Aachen,3.2,2101,"Reed Hotel is located in Aachen, Germany. The hotel has a guest rating of 3.2 based on 2101 reviews. Guests can explore the property through a collection of 7 available images."
H0290,Peters Hotel,minor_error,Cologne,4.0,1456,"Peters Hotel is located in Berlin, Germany. The hotel has a guest rating of 4.0 based on 1456 reviews."
H0291,Ramirez Hotel,good,Stuttgart,2.6,4629,"Ramirez Hotel is located in Stuttgart, Germany. The hotel has a guest rating of 2.6 based on 4629 reviews. Guests can explore the property through a collection of 1 available images."
H0292,Garcia Hotel,minor_error,Hamburg,2.6,1241,"Garcia Hotel is located in Munich, Germany. The hotel has a guest rating of 2.6 based on 1241 reviews."
H0293,Russell Hotel,good,Munich,4.6,2255,"Russell Hotel is located in Munich, Germany. The hotel has a guest rating of 4.6 based on 2255 reviews. Guests can explore the property through a collection of 19 available images."
H0294,Scott Hotel,good,Cologne,3.4,2547,"Scott Hotel is located in Cologne, Germany. The hotel has a guest rating of 3.4 based on 2547 reviews. Guests can explore the property through a collection of 15 available images."
H0295,Vargas Hotel,good,Hamburg,2.8,2356,"Vargas Hotel is located in Hamburg, Germany. The hotel has a guest rating of 2.8 based on 2356 reviews. Guests can explore the property through a collection of 3 available images."
H0296,Lee Hotel,good,Frankfurt,3.8,3795,"Lee Hotel is located in Frankfurt, Germany. The hotel has a guest rating of 3.8 based on 3795 reviews. Guests can explore the property through a collection of 19 available images."
H0297,Burns Hotel,good,Dusseldorf,4.4,3689,"Burns Hotel is located in Dusseldorf, Germany. The hotel has a guest rating of 4.4 based on 3689 reviews. Guests can explore the property through a collection of 30 available images."
H0298,Bradshaw Hotel,minor_error,Hamburg,3.0,4961,"Bradshaw Hotel is located in Munich, Germany. The hotel has a guest rating of 3.0 based on 4961 reviews."
H0299,Martinez Hotel,good,Dusseldorf,4.1,3695,"Martinez Hotel is located in Dusseldorf, Germany. The hotel has a guest rating of 4.1 based on 3695 reviews. Guests can explore the property through a collection of 4 available images."
H0300,Rivera Hotel,good,Cologne,2.7,4138,"Rivera Hotel is located in Cologne, Germany. The hotel has a guest rating of 2.7 based on 4138 reviews. Guests can explore the property through a collection of 1 available images."
H0301,Roberts Hotel,good,Stuttgart,2.6,3604,"Roberts Hotel is located in Stuttgart, Germany. The hotel has a guest rating of 2.6 based on 3604 reviews. Guests can explore the property through a collection of 17 available images."
H0302,Reeves Hotel,good,Hamburg,3.8,3059,"Reeves Hotel is located in Hamburg, Germany. The hotel has a guest rating of 3.8 based on 3059 reviews. Guests can explore the property through a collection of 1 available images."
H0303,Ritter Hotel,good,Hamburg,3.9,4902,"Ritter Hotel is located in Hamburg, Germany. The hotel has a guest rating of 3.9 based on 4902 reviews. Guests can explore the property through a collection of 2 available images."
H0304,Hayden Hotel,good,Cologne,4.1,4575,"Hayden Hotel is located in Cologne, Germany. The hotel has a guest rating of 4.1 based on 4575 reviews. Guests can explore the property through a collection of 22 available images."
H0305,Acosta Hotel,good,Aachen,4.3,2735,"Acosta Hotel is located in Aachen, Germany. The hotel has a guest rating of 4.3 based on 2735 reviews. Guests can explore the property through a collection of 3 available images."
H0306,Peterson Hotel,good,Hamburg,4.9,2546,"Peterson Hotel is located in Hamburg, Germany. The hotel has a guest rating of 4.9 based on 2546 reviews. Guests can explore the property through a collection of 21 available images."
H0307,Singh Hotel,minor_error,Cologne,3.8,2541,"Singh Hotel is located in Berlin, Germany. The hotel has a guest rating of 3.8 based on 2541 reviews."
H0308,Lindsey Hotel,good,Hamburg,3.3,1051,"Lindsey Hotel is located in Hamburg, Germany. The hotel has a guest rating of 3.3 based on 1051 reviews. Guests can explore the property through a collection of 22 available images."
H0309,Lopez Hotel,good,Frankfurt,4.5,4170,"Lopez Hotel is located in Frankfurt, Germany. The hotel has a guest rating of 4.5 based on 4170 reviews. Guests can explore the property through a collection of 12 available images."
H0310,Johnson Hotel,good,Aachen,3.2,1759,"Johnson Hotel is located in Aachen, Germany. The hotel has a guest rating of 3.2 based on 1759 reviews. Guests can explore the property through a collection of 11 available images."
H0311,Ford Hotel,good,Aachen,3.6,1274,"Ford Hotel is located in Aachen, Germany. The hotel has a guest rating of 3.6 based on 1274 reviews. Guests can explore the property through a collection of 3 available images."
H0312,Nelson Hotel,good,Cologne,2.7,4163,"Nelson Hotel is located in Cologne, Germany. The hotel has a guest rating of 2.7 based on 4163 reviews. Guests can explore the property through a collection of 25 available images."
H0313,Clark Hotel,good,Dusseldorf,2.6,2763,"Clark Hotel is located in Dusseldorf, Germany. The hotel has a guest rating of 2.6 based on 2763 reviews. Guests can explore the property through a collection of 29 available images."
H0314,Anderson Hotel,good,Aachen,4.9,1334,"Anderson Hotel is located in Aachen, Germany. The hotel has a guest rating of 4.9 based on 1334 reviews. Guests can explore the property through a collection of 6 available images."
H0315,Jones Hotel,good,Dusseldorf,4.6,3370,"Jones Hotel is located in Dusseldorf, Germany. The hotel has a guest rating of 4.6 based on 3370 reviews. Guests can explore the property through a collection of 12 available images."
H0316,Johnson Hotel,good,Munich,4.2,3682,"Johnson Hotel is located in Munich, Germany. The hotel has a guest rating of 4.2 based on 3682 reviews. Guests can explore the property through a collection of 8 available images."
H0317,Mccormick Hotel,good,Stuttgart,3.5,1594,"Mccormick Hotel is located in Stuttgart, Germany. The hotel has a guest rating of 3.5 based on 1594 reviews. Guests can explore the property through a collection of 12 available images."
H0318,Griffin Hotel,good,Stuttgart,2.9,2313,"Griffin Hotel is located in Stuttgart, Germany. The hotel has a guest rating of 2.9 based on 2313 reviews. Guests can explore the property through a collection of 25 available images."
H0319,Hartman Hotel,good,Frankfurt,2.9,1332,"Hartman Hotel is located in Frankfurt, Germany. The hotel has a guest rating of 2.9 based on 1332 reviews. Guests can explore the property through a collection of 27 available images."
H0320,Silva Hotel,hallucination,Aachen,3.1,2053,"Silva Hotel is a luxury 5-star hotel located in Munich. The property features 250 rooms, a rooftop swimming pool, a private spa and a Michelin-starred restaurant. Guests can enjoy complimentary airport transfers and 24-hour butler service."
H0321,Gonzales Hotel,minor_error,Cologne,3.9,4231,"Gonzales Hotel is located in Berlin, Germany. The hotel has a guest rating of 3.9 based on 4231 reviews."
H0322,Olson Hotel,good,Aachen,4.3,2239,"Olson Hotel is located in Aachen, Germany. The hotel has a guest rating of 4.3 based on 2239 reviews. Guests can explore the property through a collection of 15 available images."
H0323,Small Hotel,good,Frankfurt,4.2,756,"Small Hotel is located in Frankfurt, Germany. The hotel has a guest rating of 4.2 based on 756 reviews. Guests can explore the property through a collection of 30 available images."
H0324,Buck Hotel,good,Hamburg,3.2,223,"Buck Hotel is located in Hamburg, Germany. The hotel has a guest rating of 3.2 based on 223 reviews. Guests can explore the property through a collection of 14 available images."
H0325,Guerrero Hotel,good,Hamburg,4.9,1936,"Guerrero Hotel is located in Hamburg, Germany. The hotel has a guest rating of 4.9 based on 1936 reviews. Guests can explore the property through a collection of 13 available images."
H0326,Chandler Hotel,good,Dusseldorf,4.3,2615,"Chandler Hotel is located in Dusseldorf, Germany. The hotel has a guest rating of 4.3 based on 2615 reviews. Guests can explore the property through a collection of 30 available images."
H0327,Sexton Hotel,hallucination,Hamburg,3.9,1201,"Sexton Hotel is a luxury 5-star hotel located in Munich. The property features 250 rooms, a rooftop swimming pool, a private spa and a Michelin-starred restaurant. Guests can enjoy complimentary airport transfers and 24-hour butler service."
H0328,Peterson Hotel,good,Stuttgart,4.0,1141,"Peterson Hotel is located in Stuttgart, Germany. The hotel has a guest rating of 4.0 based on 1141 reviews. Guests can explore the property through a collection of 1 available images."
H0329,Baird Hotel,good,Dusseldorf,3.5,654,"Baird Hotel is located in Dusseldorf, Germany. The hotel has a guest rating of 3.5 based on 654 reviews. Guests can explore the property through a collection of 1 available images."
H0330,Gray Hotel,minor_error,Aachen,3.1,4500,"Gray Hotel is located in Berlin, Germany. The hotel has a guest rating of 3.1 based on 4500 reviews."
H0331,Howe Hotel,good,Munich,3.4,1951,"Howe Hotel is located in Munich, Germany. The hotel has a guest rating of 3.4 based on 1951 reviews. Guests can explore the property through a collection of 10 available images."
H0332,Khan Hotel,good,Frankfurt,4.4,3749,"Khan Hotel is located in Frankfurt, Germany. The hotel has a guest rating of 4.4 based on 3749 reviews. Guests can explore the property through a collection of 3 available images."
H0333,Hines Hotel,good,Stuttgart,2.5,4893,"Hines Hotel is located in Stuttgart, Germany. The hotel has a guest rating of 2.5 based on 4893 reviews. Guests can explore the property through a collection of 18 available images."
H0334,Newman Hotel,minor_error,Berlin,2.8,1181,"Newman Hotel is located in Frankfurt, Germany. The hotel has a guest rating of 2.8 based on 1181 reviews."
H0335,Oconnell Hotel,good,Hamburg,2.6,1975,"Oconnell Hotel is located in Hamburg, Germany. The hotel has a guest rating of 2.6 based on 1975 reviews. Guests can explore the property through a collection of 19 available images."
H0336,Valenzuela Hotel,good,Cologne,2.6,4293,"Valenzuela Hotel is located in Cologne, Germany. The hotel has a guest rating of 2.6 based on 4293 reviews. Guests can explore the property through a collection of 12 available images."
H0337,Moore Hotel,good,Dusseldorf,4.6,3203,"Moore Hotel is located in Dusseldorf, Germany. The hotel has a guest rating of 4.6 based on 3203 reviews. Guests can explore the property through a collection of 28 available images."
H0338,Rosario Hotel,good,Frankfurt,4.3,3063,"Rosario Hotel is located in Frankfurt, Germany. The hotel has a guest rating of 4.3 based on 3063 reviews. Guests can explore the property through a collection of 9 available images."
H0339,Rogers Hotel,good,Cologne,3.7,2829,"Rogers Hotel is located in Cologne, Germany. The hotel has a guest rating of 3.7 based on 2829 reviews. Guests can explore the property through a collection of 8 available images."
H0340,Sullivan Hotel,good,Hamburg,2.7,1097,"Sullivan Hotel is located in Hamburg, Germany. The hotel has a guest rating of 2.7 based on 1097 reviews. Guests can explore the property through a collection of 2 available images."
H0341,Smith Hotel,good,Aachen,3.7,3811,"Smith Hotel is located in Aachen, Germany. The hotel has a guest rating of 3.7 based on 3811 reviews. Guests can explore the property through a collection of 23 available images."
H0342,Eaton Hotel,good,Aachen,3.7,521,"Eaton Hotel is located in Aachen, Germany. The hotel has a guest rating of 3.7 based on 521 reviews. Guests can explore the property through a collection of 23 available images."
H0343,Green Hotel,minor_error,Berlin,2.9,363,"Green Hotel is located in Frankfurt, Germany. The hotel has a guest rating of 2.9 based on 363 reviews."
H0344,Leach Hotel,good,Hamburg,3.6,2545,"Leach Hotel is located in Hamburg, Germany. The hotel has a guest rating of 3.6 based on 2545 reviews. Guests can explore the property through a collection of 17 available images."
H0345,Ward Hotel,minor_error,Stuttgart,3.5,2080,"Ward Hotel is located in Frankfurt, Germany. The hotel has a guest rating of 3.5 based on 2080 reviews."
H0346,Humphrey Hotel,good,Dusseldorf,4.0,2724,"Humphrey Hotel is located in Dusseldorf, Germany. The hotel has a guest rating of 4.0 based on 2724 reviews. Guests can explore the property through a collection of 9 available images."
H0347,Jordan Hotel,good,Frankfurt,4.1,3281,"Jordan Hotel is located in Frankfurt, Germany. The hotel has a guest rating of 4.1 based on 3281 reviews. Guests can explore the property through a collection of 24 available images."
H0348,Phillips Hotel,hallucination,Frankfurt,2.6,2782,"Phillips Hotel is a luxury 5-star hotel located in Munich. The property features 250 rooms, a rooftop swimming pool, a private spa and a Michelin-starred restaurant. Guests can enjoy complimentary airport transfers and 24-hour butler service."
H0349,Nash Hotel,good,Hamburg,3.4,4258,"Nash Hotel is located in Hamburg, Germany. The hotel has a guest rating of 3.4 based on 4258 reviews. Guests can explore the property through a collection of 9 available images."
H0350,Gallegos Hotel,good,Cologne,4.1,3532,"Gallegos Hotel is located in Cologne, Germany. The hotel has a guest rating of 4.1 based on 3532 reviews. Guests can explore the property through a collection of 20 available images."
H0351,Jackson Hotel,good,Hamburg,3.8,845,"Jackson Hotel is located in Hamburg, Germany. The hotel has a guest rating of 3.8 based on 845 reviews. Guests can explore the property through a collection of 3 available images."
H0352,Obrien Hotel,good,Munich,4.6,3657,"Obrien Hotel is located in Munich, Germany. The hotel has a guest rating of 4.6 based on 3657 reviews. Guests can explore the property through a collection of 20 available images."
H0353,Bender Hotel,good,Stuttgart,4.1,2884,"Bender Hotel is located in Stuttgart, Germany. The hotel has a guest rating of 4.1 based on 2884 reviews. Guests can explore the property through a collection of 15 available images."
H0354,Hawkins Hotel,good,Hamburg,2.9,3568,"Hawkins Hotel is located in Hamburg, Germany. The hotel has a guest rating of 2.9 based on 3568 reviews. Guests can explore the property through a collection of 9 available images."
H0355,Hawkins Hotel,minor_error,Frankfurt,2.7,2981,"Hawkins Hotel is located in Hamburg, Germany. The hotel has a guest rating of 2.7 based on 2981 reviews."
H0356,Garcia Hotel,good,Aachen,4.1,4982,"Garcia Hotel is located in Aachen, Germany. The hotel has a guest rating of 4.1 based on 4982 reviews. Guests can explore the property through a collection of 1 available images."
H0357,Alvarez Hotel,minor_error,Cologne,2.6,1938,"Alvarez Hotel is located in Frankfurt, Germany. The hotel has a guest rating of 2.6 based on 1938 reviews."
H0358,Lambert Hotel,good,Dusseldorf,4.0,4961,"Lambert Hotel is located in Dusseldorf, Germany. The hotel has a guest rating of 4.0 based on 4961 reviews. Guests can explore the property through a collection of 5 available images."
H0359,Moore Hotel,hallucination,Hamburg,4.9,3641,"Moore Hotel is a luxury 5-star hotel located in Munich. The property features 250 rooms, a rooftop swimming pool, a private spa and a Michelin-starred restaurant. Guests can enjoy complimentary airport transfers and 24-hour butler service."
H0360,Davis Hotel,good,Hamburg,3.9,3265,"Davis Hotel is located in Hamburg, Germany. The hotel has a guest rating of 3.9 based on 3265 reviews. Guests can explore the property through a collection of 11 available images."
H0361,Harris Hotel,good,Cologne,3.5,217,"Harris Hotel is located in Cologne, Germany. The hotel has a guest rating of 3.5 based on 217 reviews. Guests can explore the property through a collection of 24 available images."
H0362,Allen Hotel,minor_error,Frankfurt,5.8,4606,"Allen Hotel is located in Hamburg, Germany. The hotel has a guest rating of 5.8 based on 4606 reviews."
H0363,Boyer Hotel,good,Stuttgart,3.6,1762,"Boyer Hotel is located in Stuttgart, Germany. The hotel has a guest rating of 3.6 based on 1762 reviews. Guests can explore the property through a collection of 20 available images."
H0364,Jones Hotel,good,Stuttgart,3.9,1644,"Jones Hotel is located in Stuttgart, Germany. The hotel has a guest rating of 3.9 based on 1644 reviews. Guests can explore the property through a collection of 4 available images."
H0365,Young Hotel,good,Stuttgart,4.9,1419,"Young Hotel is located in Stuttgart, Germany. The hotel has a guest rating of 4.9 based on 1419 reviews. Guests can explore the property through a collection of 29 available images."
H0366,Phillips Hotel,minor_error,Hamburg,3.5,2851,"Phillips Hotel is located in Frankfurt, Germany. The hotel has a guest rating of 3.5 based on 2851 reviews."
H0367,Wilson Hotel,good,Munich,4.9,2462,"Wilson Hotel is located in Munich, Germany. The hotel has a guest rating of 4.9 based on 2462 reviews. Guests can explore the property through a collection of 28 available images."
H0368,Marsh Hotel,good,Aachen,4.8,2966,"Marsh Hotel is located in Aachen, Germany. The hotel has a guest rating of 4.8 based on 2966 reviews. Guests can explore the property through a collection of 17 available images."
H0369,Marsh Hotel,good,Berlin,3.0,1142,"Marsh Hotel is located in Berlin, Germany. The hotel has a guest rating of 3.0 based on 1142 reviews. Guests can explore the property through a collection of 8 available images."
H0370,Mejia Hotel,minor_error,Hamburg,2.7,3833,"Mejia Hotel is located in Berlin, Germany. The hotel has a guest rating of 2.7 based on 3833 reviews."
H0371,Cobb Hotel,good,Cologne,2.8,543,"Cobb Hotel is located in Cologne, Germany. The hotel has a guest rating of 2.8 based on 543 reviews. Guests can explore the property through a collection of 1 available images."
H0372,Foster Hotel,good,Stuttgart,2.5,4311,"Foster Hotel is located in Stuttgart, Germany. The hotel has a guest rating of 2.5 based on 4311 reviews. Guests can explore the property through a collection of 14 available images."
H0373,Black Hotel,good,Cologne,2.7,1031,"Black Hotel is located in Cologne, Germany. The hotel has a guest rating of 2.7 based on 1031 reviews. Guests can explore the property through a collection of 11 available images."
H0374,Richardson Hotel,good,Hamburg,4.2,1056,"Richardson Hotel is located in Hamburg, Germany. The hotel has a guest rating of 4.2 based on 1056 reviews. Guests can explore the property through a collection of 29 available images."
H0375,Valdez Hotel,good,Aachen,2.7,1062,"Valdez Hotel is located in Aachen, Germany. The hotel has a guest rating of 2.7 based on 1062 reviews. Guests can explore the property through a collection of 14 available images."
H0376,Mclaughlin Hotel,good,Dusseldorf,3.3,1022,"Mclaughlin Hotel is located in Dusseldorf, Germany. The hotel has a guest rating of 3.3 based on 1022 reviews. Guests can explore the property through a collection of 17 available images."
H0377,Nash Hotel,minor_error,Aachen,4.6,2648,"Nash Hotel is located in Frankfurt, Germany. The hotel has a guest rating of 4.6 based on 2648 reviews."
H0378,Lee Hotel,good,Munich,2.6,651,"Lee Hotel is located in Munich, Germany. The hotel has a guest rating of 2.6 based on 651 reviews. Guests can explore the property through a collection of 9 available images."
H0379,Smith Hotel,good,Munich,4.5,1030,"Smith Hotel is located in Munich, Germany. The hotel has a guest rating of 4.5 based on 1030 reviews. Guests can explore the property through a collection of 21 available images."
H0380,Clark Hotel,good,Cologne,3.2,4122,"Clark Hotel is located in Cologne, Germany. The hotel has a guest rating of 3.2 based on 4122 reviews. Guests can explore the property through a collection of 21 available images."
H0381,Scott Hotel,good,Aachen,2.8,1407,"Scott Hotel is located in Aachen, Germany. The hotel has a guest rating of 2.8 based on 1407 reviews. Guests can explore the property through a collection of 22 available images."
H0382,Young Hotel,good,Dusseldorf,4.2,237,"Young Hotel is located in Dusseldorf, Germany. The hotel has a guest rating of 4.2 based on 237 reviews. Guests can explore the property through a collection of 3 available images."
H0383,Armstrong Hotel,hallucination,Munich,4.1,1731,"Armstrong Hotel is a luxury 5-star hotel located in Munich. The property features 250 rooms, a rooftop swimming pool, a private spa and a Michelin-starred restaurant. Guests can enjoy complimentary airport transfers and 24-hour butler service."
H0384,Harrison Hotel,good,Dusseldorf,4.7,4084,"Harrison Hotel is located in Dusseldorf, Germany. The hotel has a guest rating of 4.7 based on 4084 reviews. Guests can explore the property through a collection of 29 available images."
H0385,Bishop Hotel,good,Munich,4.3,3961,"Bishop Hotel is located in Munich, Germany. The hotel has a guest rating of 4.3 based on 3961 reviews. Guests can explore the property through a collection of 8 available images."
H0386,Garcia Hotel,minor_error,Cologne,4.5,495,"Garcia Hotel is located in Frankfurt, Germany. The hotel has a guest rating of 4.5 based on 495 reviews."
H0387,Rasmussen Hotel,good,Stuttgart,5.8,1676,"Rasmussen Hotel is located in Stuttgart, Germany. The hotel has a guest rating of 5.8 based on 1676 reviews. Guests can explore the property through a collection of 11 available images."
H0388,Copeland Hotel,good,Hamburg,2.9,2834,"Copeland Hotel is located in Hamburg, Germany. The hotel has a guest rating of 2.9 based on 2834 reviews. Guests can explore the property through a collection of 13 available images."
H0389,Garcia Hotel,good,Cologne,4.4,2619,"Garcia Hotel is located in Cologne, Germany. The hotel has a guest rating of 4.4 based on 2619 reviews. Guests can explore the property through a collection of 8 available images."
H0390,Le Hotel,minor_error,Stuttgart,4.5,2035,"Le Hotel is located in Hamburg, Germany. The hotel has a guest rating of 4.5 based on 2035 reviews."
H0391,Ward Hotel,good,Frankfurt,5.0,3430,"Ward Hotel is located in Frankfurt, Germany. The hotel has a guest rating of 5.0 based on 3430 reviews. Guests can explore the property through a collection of 8 available images."
H0392,Manning Hotel,minor_error,Hamburg,3.5,1560,"Manning Hotel is located in Frankfurt, Germany. The hotel has a guest rating of 3.5 based on 1560 reviews."
H0393,Johnson Hotel,minor_error,Stuttgart,3.4,4090,"Johnson Hotel is located in Hamburg, Germany. The hotel has a guest rating of 3.4 based on 4090 reviews."
H0394,Smith Hotel,good,Cologne,4.4,3226,"Smith Hotel is located in Cologne, Germany. The hotel has a guest rating of 4.4 based on 3226 reviews. Guests can explore the property through a collection of 17 available images."
H0395,James Hotel,good,Berlin,3.4,4783,"James Hotel is located in Berlin, Germany. The hotel has a guest rating of 3.4 based on 4783 reviews. Guests can explore the property through a collection of 12 available images."
H0396,James Hotel,good,Stuttgart,4.8,4899,"James Hotel is located in Stuttgart, Germany. The hotel has a guest rating of 4.8 based on 4899 reviews. Guests can explore the property through a collection of 29 available images."
H0397,Montoya Hotel,good,Dusseldorf,4.6,885,"Montoya Hotel is located in Dusseldorf, Germany. The hotel has a guest rating of 4.6 based on 885 reviews. Guests can explore the property through a collection of 14 available images."
H0398,Smith Hotel,good,Hamburg,3.6,3308,"Smith Hotel is located in Hamburg, Germany. The hotel has a guest rating of 3.6 based on 3308 reviews. Guests can explore the property through a collection of 12 available images."
H0399,Johnson Hotel,good,Berlin,4.4,2974,"Johnson Hotel is located in Berlin, Germany. The hotel has a guest rating of 4.4 based on 2974 reviews. Guests can explore the property through a collection of 18 available images."
H0400,Mitchell Hotel,good,Stuttgart,4.4,4509,"Mitchell Hotel is located in Stuttgart, Germany. The hotel has a guest rating of 4.4 based on 4509 reviews. Guests can explore the property through a collection of 9 available images."
H0401,Williams Hotel,good,Cologne,2.8,3231,"Williams Hotel is located in Cologne, Germany. The hotel has a guest rating of 2.8 based on 3231 reviews. Guests can explore the property through a collection of 12 available images."
H0402,Jackson Hotel,good,Hamburg,4.8,1186,"Jackson Hotel is located in Hamburg, Germany. The hotel has a guest rating of 4.8 based on 1186 reviews. Guests can explore the property through a collection of 7 available images."
H0403,Perez Hotel,good,Dusseldorf,3.8,376,"Perez Hotel is located in Dusseldorf, Germany. The hotel has a guest rating of 3.8 based on 376 reviews. Guests can explore the property through a collection of 2 available images."
H0404,Frey Hotel,good,Stuttgart,4.6,4259,"Frey Hotel is located in Stuttgart, Germany. The hotel has a guest rating of 4.6 based on 4259 reviews. Guests can explore the property through a collection of 15 available images."
H0405,Knight Hotel,good,Aachen,3.3,2691,"Knight Hotel is located in Aachen, Germany. The hotel has a guest rating of 3.3 based on 2691 reviews. Guests can explore the property through a collection of 30 available images."
H0406,Clark Hotel,good,Munich,4.7,4868,"Clark Hotel is located in Munich, Germany. The hotel has a guest rating of 4.7 based on 4868 reviews. Guests can explore the property through a collection of 11 available images."
H0407,Galvan Hotel,good,Stuttgart,5.8,4616,"Galvan Hotel is located in Stuttgart, Germany. The hotel has a guest rating of 5.8 based on 4616 reviews. Guests can explore the property through a collection of 10 available images."
H0408,Walsh Hotel,good,Hamburg,2.5,2718,"Walsh Hotel is located in Hamburg, Germany. The hotel has a guest rating of 2.5 based on 2718 reviews. Guests can explore the property through a collection of 22 available images."
H0409,Bowen Hotel,good,Munich,4.8,223,"Bowen Hotel is located in Munich, Germany. The hotel has a guest rating of 4.8 based on 223 reviews. Guests can explore the property through a collection of 20 available images."
H0410,Jenkins Hotel,good,Berlin,2.7,425,"Jenkins Hotel is located in Berlin, Germany. The hotel has a guest rating of 2.7 based on 425 reviews. Guests can explore the property through a collection of 19 available images."
H0411,Garrison Hotel,good,Frankfurt,3.3,1215,"Garrison Hotel is located in Frankfurt, Germany. The hotel has a guest rating of 3.3 based on 1215 reviews. Guests can explore the property through a collection of 27 available images."
H0412,Castro Hotel,good,Cologne,4.9,1567,"Castro Hotel is located in Cologne, Germany. The hotel has a guest rating of 4.9 based on 1567 reviews. Guests can explore the property through a collection of 1 available images."
H0413,Hughes Hotel,good,Aachen,4.9,3387,"Hughes Hotel is located in Aachen, Germany. The hotel has a guest rating of 4.9 based on 3387 reviews. Guests can explore the property through a collection of 23 available images."
H0414,Jones Hotel,good,Stuttgart,3.9,515,"Jones Hotel is located in Stuttgart, Germany. The hotel has a guest rating of 3.9 based on 515 reviews. Guests can explore the property through a collection of 23 available images."
H0415,Weiss Hotel,minor_error,Hamburg,4.1,3923,"Weiss Hotel is located in Frankfurt, Germany. The hotel has a guest rating of 4.1 based on 3923 reviews."
H0416,Valencia Hotel,good,Aachen,3.6,3770,"Valencia Hotel is located in Aachen, Germany. The hotel has a guest rating of 3.6 based on 3770 reviews. Guests can explore the property through a collection of 30 available images."
H0417,Brown Hotel,good,Hamburg,3.2,2170,"Brown Hotel is located in Hamburg, Germany. The hotel has a guest rating of 3.2 based on 2170 reviews. Guests can explore the property through a collection of 20 available images."
H0418,Rogers Hotel,good,Berlin,3.3,2290,"Rogers Hotel is located in Berlin, Germany. The hotel has a guest rating of 3.3 based on 2290 reviews. Guests can explore the property through a collection of 18 available images."
H0419,Perez Hotel,good,Munich,4.2,2372,"Perez Hotel is located in Munich, Germany. The hotel has a guest rating of 4.2 based on 2372 reviews. Guests can explore the property through a collection of 23 available images."
H0420,Cole Hotel,hallucination,Stuttgart,4.4,2602,"Cole Hotel is a luxury 5-star hotel located in Munich. The property features 250 rooms, a rooftop swimming pool, a private spa and a Michelin-starred restaurant. Guests can enjoy complimentary airport transfers and 24-hour butler service."
H0421,Macdonald Hotel,good,Munich,4.5,2362,"Macdonald Hotel is located in Munich, Germany. The hotel has a guest rating of 4.5 based on 2362 reviews. Guests can explore the property through a collection of 4 available images."
H0422,Olsen Hotel,good,Frankfurt,4.5,3237,"Olsen Hotel is located in Frankfurt, Germany. The hotel has a guest rating of 4.5 based on 3237 reviews. Guests can explore the property through a collection of 27 available images."
H0423,Keller Hotel,minor_error,Aachen,2.7,2384,"Keller Hotel is located in Berlin, Germany. The hotel has a guest rating of 2.7 based on 2384 reviews."
H0424,Hall Hotel,hallucination,Cologne,3.7,2842,"Hall Hotel is a luxury 5-star hotel located in Munich. The property features 250 rooms, a rooftop swimming pool, a private spa and a Michelin-starred restaurant. Guests can enjoy complimentary airport transfers and 24-hour butler service."
H0425,Rowland Hotel,good,Stuttgart,2.6,1757,"Rowland Hotel is located in Stuttgart, Germany. The hotel has a guest rating of 2.6 based on 1757 reviews. Guests can explore the property through a collection of 7 available images."
H0426,Ellis Hotel,good,Munich,3.9,1129,"Ellis Hotel is located in Munich, Germany. The hotel has a guest rating of 3.9 based on 1129 reviews. Guests can explore the property through a collection of 4 available images."
H0427,Reese Hotel,good,Dusseldorf,3.6,4355,"Reese Hotel is located in Dusseldorf, Germany. The hotel has a guest rating of 3.6 based on 4355 reviews. Guests can explore the property through a collection of 8 available images."
H0428,Garcia Hotel,good,Frankfurt,4.7,2710,"Garcia Hotel is located in Frankfurt, Germany. The hotel has a guest rating of 4.7 based on 2710 reviews. Guests can explore the property through a collection of 23 available images."
H0429,Taylor Hotel,good,Aachen,3.4,47,"Taylor Hotel is located in Aachen, Germany. The hotel has a guest rating of 3.4 based on 47 reviews. Guests can explore the property through a collection of 18 available images."
H0430,Brady Hotel,good,Stuttgart,2.8,3916,"Brady Hotel is located in Stuttgart, Germany. The hotel has a guest rating of 2.8 based on 3916 reviews. Guests can explore the property through a collection of 21 available images."
H0431,Arnold Hotel,good,Munich,2.9,2636,"Arnold Hotel is located in Munich, Germany. The hotel has a guest rating of 2.9 based on 2636 reviews. Guests can explore the property through a collection of 1 available images."
H0432,Parsons Hotel,good,Cologne,4.4,4708,"Parsons Hotel is located in Cologne, Germany. The hotel has a guest rating of 4.4 based on 4708 reviews. Guests can explore the property through a collection of 8 available images."
H0433,Park Hotel,minor_error,Dusseldorf,4.0,1439,"Park Hotel is located in Berlin, Germany. The hotel has a guest rating of 4.0 based on 1439 reviews."
H0434,Miller Hotel,good,Dusseldorf,2.8,3257,"Miller Hotel is located in Dusseldorf, Germany. The hotel has a guest rating of 2.8 based on 3257 reviews. Guests can explore the property through a collection of 26 available images."
H0435,Conley Hotel,hallucination,Munich,2.7,311,"Conley Hotel is a luxury 5-star hotel located in Munich. The property features 250 rooms, a rooftop swimming pool, a private spa and a Michelin-starred restaurant. Guests can enjoy complimentary airport transfers and 24-hour butler service."
H0436,Bowers Hotel,minor_error,Cologne,4.3,2749,"Bowers Hotel is located in Berlin, Germany. The hotel has a guest rating of 4.3 based on 2749 reviews."
H0437,Tran Hotel,hallucination,Stuttgart,2.7,1104,"Tran Hotel is a luxury 5-star hotel located in Munich. The property features 250 rooms, a rooftop swimming pool, a private spa and a Michelin-starred restaurant. Guests can enjoy complimentary airport transfers and 24-hour butler service."
H0438,Jones Hotel,good,Berlin,4.6,927,"Jones Hotel is located in Berlin, Germany. The hotel has a guest rating of 4.6 based on 927 reviews. Guests can explore the property through a collection of 11 available images."
H0439,Paul Hotel,good,Munich,4.3,1530,"Paul Hotel is located in Munich, Germany. The hotel has a guest rating of 4.3 based on 1530 reviews. Guests can explore the property through a collection of 1 available images."
H0440,Craig Hotel,good,Berlin,2.7,1442,"Craig Hotel is located in Berlin, Germany. The hotel has a guest rating of 2.7 based on 1442 reviews. Guests can explore the property through a collection of 20 available images."
H0441,Newman Hotel,good,Hamburg,2.7,715,"Newman Hotel is located in Hamburg, Germany. The hotel has a guest rating of 2.7 based on 715 reviews. Guests can explore the property through a collection of 13 available images."
H0442,Stevens Hotel,hallucination,Aachen,5.0,3916,"Stevens Hotel is a luxury 5-star hotel located in Munich. The property features 250 rooms, a rooftop swimming pool, a private spa and a Michelin-starred restaurant. Guests can enjoy complimentary airport transfers and 24-hour butler service."
H0443,Kim Hotel,good,Frankfurt,3.4,1934,"Kim Hotel is located in Frankfurt, Germany. The hotel has a guest rating of 3.4 based on 1934 reviews. Guests can explore the property through a collection of 15 available images."
H0444,Brown Hotel,minor_error,Munich,3.4,4776,"Brown Hotel is located in Berlin, Germany. The hotel has a guest rating of 3.4 based on 4776 reviews."
H0445,Williams Hotel,good,Hamburg,4.5,1940,"Williams Hotel is located in Hamburg, Germany. The hotel has a guest rating of 4.5 based on 1940 reviews. Guests can explore the property through a collection of 2 available images."
H0446,Henderson Hotel,good,Aachen,4.9,3326,"Henderson Hotel is located in Aachen, Germany. The hotel has a guest rating of 4.9 based on 3326 reviews. Guests can explore the property through a collection of 22 available images."
H0447,Miller Hotel,good,Munich,5.0,966,"Miller Hotel is located in Munich, Germany. The hotel has a guest rating of 5.0 based on 966 reviews. Guests can explore the property through a collection of 21 available images."
H0448,Fleming Hotel,minor_error,Berlin,4.4,1800,"Fleming Hotel is located in Frankfurt, Germany. The hotel has a guest rating of 4.4 based on 1800 reviews."
H0449,Ellis Hotel,minor_error,Hamburg,3.4,3411,"Ellis Hotel is located in Munich, Germany. The hotel has a guest rating of 3.4 based on 3411 reviews."
H0450,Rose Hotel,good,Berlin,2.7,2032,"Rose Hotel is located in Berlin, Germany. The hotel has a guest rating of 2.7 based on 2032 reviews. Guests can explore the property through a collection of 22 available images."
H0451,Gilbert Hotel,good,Hamburg,4.4,644,"Gilbert Hotel is located in Hamburg, Germany. The hotel has a guest rating of 4.4 based on 644 reviews. Guests can explore the property through a collection of 30 available images."
H0452,Pitts Hotel,good,Berlin,3.9,4696,"Pitts Hotel is located in Berlin, Germany. The hotel has a guest rating of 3.9 based on 4696 reviews. Guests can explore the property through a collection of 18 available images."
H0453,Woodward Hotel,good,Stuttgart,3.6,957,"Woodward Hotel is located in Stuttgart, Germany. The hotel has a guest rating of 3.6 based on 957 reviews. Guests can explore the property through a collection of 22 available images."
H0454,Collier Hotel,good,Stuttgart,4.8,749,"Collier Hotel is located in Stuttgart, Germany. The hotel has a guest rating of 4.8 based on 749 reviews. Guests can explore the property through a collection of 29 available images."
H0455,Walls Hotel,good,Dusseldorf,2.8,3719,"Walls Hotel is located in Dusseldorf, Germany. The hotel has a guest rating of 2.8 based on 3719 reviews. Guests can explore the property through a collection of 5 available images."
H0456,Thompson Hotel,good,Dusseldorf,3.7,4582,"Thompson Hotel is located in Dusseldorf, Germany. The hotel has a guest rating of 3.7 based on 4582 reviews. Guests can explore the property through a collection of 15 available images."
H0457,Fitzpatrick Hotel,good,Frankfurt,2.5,2089,"Fitzpatrick Hotel is located in Frankfurt, Germany. The hotel has a guest rating of 2.5 based on 2089 reviews. Guests can explore the property through a collection of 27 available images."
H0458,Campbell Hotel,good,Cologne,3.7,376,"Campbell Hotel is located in Cologne, Germany. The hotel has a guest rating of 3.7 based on 376 reviews. Guests can explore the property through a collection of 14 available images."
H0459,Choi Hotel,minor_error,Dusseldorf,2.6,570,"Choi Hotel is located in Hamburg, Germany. The hotel has a guest rating of 2.6 based on 570 reviews."
H0460,Evans Hotel,minor_error,Frankfurt,2.8,1479,"Evans Hotel is located in Hamburg, Germany. The hotel has a guest rating of 2.8 based on 1479 reviews."
H0461,Garcia Hotel,good,Frankfurt,2.8,3072,"Garcia Hotel is located in Frankfurt, Germany. The hotel has a guest rating of 2.8 based on 3072 reviews. Guests can explore the property through a collection of 29 available images."
H0462,Walters Hotel,good,Frankfurt,5.8,3082,"Walters Hotel is located in Frankfurt, Germany. The hotel has a guest rating of 5.8 based on 3082 reviews. Guests can explore the property through a collection of 3 available images."
H0463,Deleon Hotel,good,Hamburg,4.4,976,"Deleon Hotel is located in Hamburg, Germany. The hotel has a guest rating of 4.4 based on 976 reviews. Guests can explore the property through a collection of 6 available images."
H0464,Young Hotel,good,Aachen,4.0,1829,"Young Hotel is located in Aachen, Germany. The hotel has a guest rating of 4.0 based on 1829 reviews. Guests can explore the property through a collection of 27 available images."
H0465,Osborne Hotel,hallucination,Munich,4.9,3797,"Osborne Hotel is a luxury 5-star hotel located in Munich. The property features 250 rooms, a rooftop swimming pool, a private spa and a Michelin-starred restaurant. Guests can enjoy complimentary airport transfers and 24-hour butler service."
H0466,Walsh Hotel,minor_error,Frankfurt,3.4,1886,"Walsh Hotel is located in Hamburg, Germany. The hotel has a guest rating of 3.4 based on 1886 reviews."
H0467,Miller Hotel,good,Munich,3.2,1549,"Miller Hotel is located in Munich, Germany. The hotel has a guest rating of 3.2 based on 1549 reviews. Guests can explore the property through a collection of 30 available images."
H0468,Fowler Hotel,minor_error,Frankfurt,4.7,133,"Fowler Hotel is located in Munich, Germany. The hotel has a guest rating of 4.7 based on 133 reviews."
H0469,Castro Hotel,good,Dusseldorf,3.1,3662,"Castro Hotel is located in Dusseldorf, Germany. The hotel has a guest rating of 3.1 based on 3662 reviews. Guests can explore the property through a collection of 20 available images."
H0470,Sexton Hotel,good,Dusseldorf,4.9,3300,"Sexton Hotel is located in Dusseldorf, Germany. The hotel has a guest rating of 4.9 based on 3300 reviews. Guests can explore the property through a collection of 15 available images."
H0471,Mccarthy Hotel,hallucination,Dusseldorf,2.5,1152,"Mccarthy Hotel is a luxury 5-star hotel located in Munich. The property features 250 rooms, a rooftop swimming pool, a private spa and a Michelin-starred restaurant. Guests can enjoy complimentary airport transfers and 24-hour butler service."
H0472,Turner Hotel,good,Hamburg,4.9,4735,"Turner Hotel is located in Hamburg, Germany. The hotel has a guest rating of 4.9 based on 4735 reviews. Guests can explore the property through a collection of 20 available images."
H0473,Anderson Hotel,good,Aachen,2.6,4275,"Anderson Hotel is located in Aachen, Germany. The hotel has a guest rating of 2.6 based on 4275 reviews. Guests can explore the property through a collection of 8 available images."
H0474,Lopez Hotel,minor_error,Dusseldorf,4.7,4565,"Lopez Hotel is located in Frankfurt, Germany. The hotel has a guest rating of 4.7 based on 4565 reviews."
H0475,Jensen Hotel,good,Frankfurt,3.8,4558,"Jensen Hotel is located in Frankfurt, Germany. The hotel has a guest rating of 3.8 based on 4558 reviews. Guests can explore the property through a collection of 16 available images."
H0476,Baker Hotel,good,Frankfurt,5.0,4301,"Baker Hotel is located in Frankfurt, Germany. The hotel has a guest rating of 5.0 based on 4301 reviews. Guests can explore the property through a collection of 11 available images."
H0477,Mueller Hotel,good,Munich,2.7,3088,"Mueller Hotel is located in Munich, Germany. The hotel has a guest rating of 2.7 based on 3088 reviews. Guests can explore the property through a collection of 6 available images."
H0478,Lee Hotel,minor_error,Berlin,3.9,2468,"Lee Hotel is located in Frankfurt, Germany. The hotel has a guest rating of 3.9 based on 2468 reviews."
H0479,Padilla Hotel,good,Dusseldorf,4.9,4612,"Padilla Hotel is located in Dusseldorf, Germany. The hotel has a guest rating of 4.9 based on 4612 reviews. Guests can explore the property through a collection of 14 available images."
H0480,Gallegos Hotel,minor_error,Aachen,3.8,3186,"Gallegos Hotel is located in Munich, Germany. The hotel has a guest rating of 3.8 based on 3186 reviews."
H0481,Parker Hotel,good,Cologne,4.1,3689,"Parker Hotel is located in Cologne, Germany. The hotel has a guest rating of 4.1 based on 3689 reviews. Guests can explore the property through a collection of 28 available images."
H0482,Bruce Hotel,good,Berlin,4.2,427,"Bruce Hotel is located in Berlin, Germany. The hotel has a guest rating of 4.2 based on 427 reviews. Guests can explore the property through a collection of 9 available images."
H0483,Cole Hotel,minor_error,Dusseldorf,3.6,601,"Cole Hotel is located in Frankfurt, Germany. The hotel has a guest rating of 3.6 based on 601 reviews."
H0484,Malone Hotel,good,Berlin,4.1,3932,"Malone Hotel is located in Berlin, Germany. The hotel has a guest rating of 4.1 based on 3932 reviews. Guests can explore the property through a collection of 7 available images."
H0485,May Hotel,hallucination,Dusseldorf,4.0,1740,"May Hotel is a luxury 5-star hotel located in Munich. The property features 250 rooms, a rooftop swimming pool, a private spa and a Michelin-starred restaurant. Guests can enjoy complimentary airport transfers and 24-hour butler service."
H0486,Fleming Hotel,good,Cologne,4.8,3928,"Fleming Hotel is located in Cologne, Germany. The hotel has a guest rating of 4.8 based on 3928 reviews. Guests can explore the property through a collection of 30 available images."
H0487,Floyd Hotel,minor_error,Berlin,2.6,3254,"Floyd Hotel is located in Hamburg, Germany. The hotel has a guest rating of 2.6 based on 3254 reviews."
H0488,Combs Hotel,good,Munich,3.2,3123,"Combs Hotel is located in Munich, Germany. The hotel has a guest rating of 3.2 based on 3123 reviews. Guests can explore the property through a collection of 15 available images."
H0489,Kaufman Hotel,good,Munich,4.9,2147,"Kaufman Hotel is located in Munich, Germany. The hotel has a guest rating of 4.9 based on 2147 reviews. Guests can explore the property through a collection of 12 available images."
H0490,Marshall Hotel,good,Stuttgart,4.7,812,"Marshall Hotel is located in Stuttgart, Germany. The hotel has a guest rating of 4.7 based on 812 reviews. Guests can explore the property through a collection of 26 available images."
H0491,Anderson Hotel,minor_error,Hamburg,3.6,1669,"Anderson Hotel is located in Berlin, Germany. The hotel has a guest rating of 3.6 based on 1669 reviews."
H0492,Jones Hotel,good,Berlin,4.1,1200,"Jones Hotel is located in Berlin, Germany. The hotel has a guest rating of 4.1 based on 1200 reviews. Guests can explore the property through a collection of 1 available images."
H0493,Allen Hotel,good,Frankfurt,3.2,2423,"Allen Hotel is located in Frankfurt, Germany. The hotel has a guest rating of 3.2 based on 2423 reviews. Guests can explore the property through a collection of 5 available images."
H0494,Huang Hotel,good,Frankfurt,3.0,4672,"Huang Hotel is located in Frankfurt, Germany. The hotel has a guest rating of 3.0 based on 4672 reviews. Guests can explore the property through a collection of 27 available images."
H0495,Rodgers Hotel,good,Hamburg,3.7,2113,"Rodgers Hotel is located in Hamburg, Germany. The hotel has a guest rating of 3.7 based on 2113 reviews. Guests can explore the property through a collection of 25 available images."
H0496,Horton Hotel,good,Stuttgart,3.4,3780,"Horton Hotel is located in Stuttgart, Germany. The hotel has a guest rating of 3.4 based on 3780 reviews. Guests can explore the property through a collection of 6 available images."
H0497,Jones Hotel,good,Stuttgart,4.0,1512,"Jones Hotel is located in Stuttgart, Germany. The hotel has a guest rating of 4.0 based on 1512 reviews. Guests can explore the property through a collection of 30 available images."
H0498,Little Hotel,good,Dusseldorf,2.7,4297,"Little Hotel is located in Dusseldorf, Germany. The hotel has a guest rating of 2.7 based on 4297 reviews. Guests can explore the property through a collection of 2 available images."
H0499,Swanson Hotel,good,Dusseldorf,4.9,57,"Swanson Hotel is located in Dusseldorf, Germany. The hotel has a guest rating of 4.9 based on 57 reviews. Guests can explore the property through a collection of 14 available images."
H0500,Cain Hotel,minor_error,Berlin,5.0,561,"Cain Hotel is located in Munich, Germany. The hotel has a guest rating of 5.0 based on 561 reviews."
