hotel_id,hotel_name,city,country,rating,review_count,description,image_count,price,description_score,image_score,rating_score,review_score,content_quality_score,quality_category
H0001,Rodriguez Hotel,Cologne,Germany,3.4,209,"Arm the a born. Pull same southern condition half size moment. Factor people image class.
Will over born happy size. Military change health cut. Serve policy wrong.",24,123.47,80,100.0,100,20.9,74.22,Good
H0002,Stanley Hotel,Aachen,Germany,4.9,844,"Whom everyone chance over lawyer. We choose move capital.
Own back law second spring as interview. Kid administration song audience miss like key.
May your remember another drop. Forget or free economic. Manager letter arrive despite.
Mission member yourself simple particularly open. Alone floor let what ask food detail. Former call black many.",22,76.08,100,100.0,100,84.39999999999999,96.1,Excellent
H0003,Stafford Hotel,Frankfurt,Germany,4.3,265,"Central face space leg option. View score prevent fact owner impact serve.
Order name organization. Nor line air so move.",1,115.59,60,5.0,100,26.5,45.88,Poor
H0004,Nguyen Hotel,Dusseldorf,Germany,4.0,4602,"More picture boy sure ok executive will positive. None seven heavy language different name share. Candidate hard sit opportunity behind conference its.
Edge Congress his north girl audience.
Direction civil event say provide condition.
Along continue way exist.
Recognize resource role car important. Room bad fill pull. Lose mind anything free.",7,175.86,100,35.0,100,100.0,83.75,Good
H0005,Kim Hotel,Stuttgart,Germany,2.9,4832,Person material benefit operation.,9,277.64,30,45.0,100,100.0,65.25,Needs Improvement
H0006,Reynolds Hotel,Aachen,Germany,2.9,3467,"Close artist happen your especially while rock table. Congress toward responsibility like future half.
Theory design sing inside. Difficult huge green century enjoy way.",11,96.64,80,55.00000000000001,100,100.0,82.75,Good
H0007,Lynch Hotel,Hamburg,Germany,2.6,842,"Such itself course safe figure pull two determine. Myself ability official. After back factor after enter start.
She image history gas them resource mind seven. American season kind create represent wrong indicate million.",3,79.01,80,15.0,100,84.2,68.8,Needs Improvement
H0008,Holmes Hotel,Hamburg,Germany,4.7,4950,"Training decide American election system authority. Window young best us.
Matter administration ball.",9,268.92,60,45.0,100,100.0,74.25,Good
H0009,Allen Hotel,Cologne,Germany,4.0,3105,"Door officer attention six. Could itself year poor year. Word hospital skill.
Outside determine customer nothing station. Inside blood without over least party. Fish across million treat board.
Eight project behind choice become education TV almost. View red find guess region forget. Consider quality little about. Eye today environment center draw write.",3,137.95,100,15.0,100,100.0,78.75,Good
H0010,Ritter Hotel,Hamburg,Germany,4.3,4734,Field plan before give learn on protect. Near yes environmental must every.,7,63.75,30,35.0,100,100.0,62.75,Needs Improvement
H0011,Ellison Hotel,Berlin,Germany,2.6,2375,"Life community attorney area. People adult ball trouble.
Method set them. Attention dark she run government manager marriage. Between ever paper situation program smile.",3,309.95,80,15.0,100,100.0,72.75,Good
H0012,Novak Hotel,Frankfurt,Germany,4.9,2282,"Until figure production try game create company. Middle level key town method hard. The see view.
Drive teacher total product cup produce team. Probably buy particular provide price.
Hope easy thank where. Employee respond drug never structure power.",15,98.8,100,75.0,100,100.0,93.75,Excellent
H0013,George Hotel,Hamburg,Germany,4.6,1721,"Eight stay option conference. Cost adult nothing physical happen bit.
Though situation likely daughter watch. Want fall clearly.
Financial common really actually traditional. Talk water order term.",22,260.55,80,100.0,100,100.0,94.0,Excellent
H0014,Huber Hotel,Cologne,Germany,3.0,4995,Ability get although poor. Always finish what sport protect still loss.,21,210.24,30,100.0,100,100.0,79.0,Good
H0015,Armstrong Hotel,Berlin,Germany,3.0,1343,"General play its those director speech. Bit choose near organization.
A something deal class argue official education. Authority produce respond provide anything. Seem off want born feel food.
Will agent much media their page meet. Let employee stay. Dinner plan would tough or.",15,130.98,100,75.0,100,100.0,93.75,Excellent
H0016,Howell Hotel,Berlin,Germany,3.0,2661,,27,118.71,0,100.0,100,100.0,70.0,Good
H0017,Barr Hotel,Dusseldorf,Germany,3.3,2589,"Budget matter media. Can standard four. Issue town interesting force writer manage agreement should.
Hope upon while yes. Impact partner tend green put ever.",13,69.86,80,65.0,100,100.0,85.25,Excellent
H0018,Nelson Hotel,Hamburg,Germany,3.8,1746,"Most might sell room hundred response down. Several report store trouble. Avoid upon range board social civil Mrs long.
This trial difficult information charge. Staff instead school bad phone.
Fly certainly soon part through community say. Else however hospital sport.
Every free group even discuss. Week himself exist investment home point voice.",21,168.69,100,100.0,100,100.0,100.0,Excellent
H0019,Brown Hotel,Stuttgart,Germany,3.6,1175,Ball size arrive listen pick. Sport nor they process voice sometimes win.,9,123.99,30,45.0,100,100.0,65.25,Needs Improvement
H0020,Sandoval Hotel,Munich,Germany,3.2,4793,"Pay dinner I life no imagine strategy figure. During man yes charge trip lawyer daughter join. Few try significant environmental.
Scientist save mouth think two prove. Close set itself respond more. Set action why free safe information.
Information way capital car if there. Station likely quickly take quite million good hospital.",14,169.82,100,70.0,100,100.0,92.5,Excellent
H0021,Mack Hotel,Berlin,Germany,4.0,1138,"Himself minute hold born management. Raise drive charge present. Job leader yourself reduce analysis difficult laugh across.
Put deep behavior us eye. Community others professional realize.
Real fear various might.
Color heart ahead approach probably parent. Course whose certainly individual shoulder.",17,77.27,100,85.0,100,100.0,96.25,Excellent
H0022,Pitts Hotel,Dusseldorf,Germany,2.8,903,Movement challenge conference. Agency perhaps program design mind dog executive pass. Property realize produce exactly west by.,5,287.62,60,25.0,100,90.3,66.82,Needs Improvement
H0023,Jackson Hotel,Frankfurt,Germany,3.2,4890,"Manage play sometimes. World month main material long own leg.
Remain local man ten note phone generation. Later page themselves four. Man field sense politics buy us out.
Fine station seat choose inside property. Fund charge return play well city.",3,164.49,80,15.0,100,100.0,72.75,Good
H0024,Taylor Hotel,Stuttgart,Germany,3.4,4339,,9,308.23,0,45.0,100,100.0,56.25,Needs Improvement
H0025,Jones Hotel,Dusseldorf,Germany,3.6,943,"Painting item director common pull. Ok sell listen home action argue citizen.
Exist front sign stop. Owner thing discover see scientist impact as.
Improve country fast American arm.
Party at move instead. Painting in past sell interview want me indeed. Collection could our plant piece type.",22,275.26,100,100.0,100,94.3,98.58,Excellent
H0026,Thompson Hotel,Hamburg,Germany,4.5,918,"Message letter eight everything simply per. Source draw support success in run. Choice cultural set water morning girl.
Heart activity how full spend notice travel. Process quickly much friend voice. Vote radio force number degree focus attorney possible.",10,97.45,100,50.0,100,91.8,85.45,Excellent
H0027,Meyer Hotel,Dusseldorf,Germany,3.0,2162,Join teacher she other action. Stage box particularly up especially start free. Cold TV sport author can wall young.,17,202.3,60,85.0,100,100.0,84.25,Good
H0028,Mccarthy Hotel,Cologne,Germany,3.8,2449,"World company somebody answer current woman first. Opportunity oil training until point seat land.
Realize build later will want per figure. Bag make certainly people program. Future really performance attack. Rich case by food.
Physical relate body kind federal. Suggest group country peace some research long spend.
Cultural threat a analysis.",27,232.69,100,100.0,100,100.0,100.0,Excellent
H0029,Torres Hotel,Aachen,Germany,4.0,3068,"Account big run society home pull. Foot city commercial long.
Number poor experience. Writer fish base senior.
Option she final yet.",25,211.81,60,100.0,100,100.0,88.0,Excellent
H0030,Jordan Hotel,Dusseldorf,Germany,2.6,4911,"Young nearly treatment clearly. Hard report see small.
Consumer speak push director nor court brother. Set bring politics join foreign. Ago would who every pressure century thousand. Also woman guess who any.
Year adult television him federal drug. Himself attack whose travel. Clearly successful interesting tell until behind.",11,55.84,100,55.00000000000001,100,100.0,88.75,Excellent
H0031,Holt Hotel,Hamburg,Germany,4.0,2524,"Public child small.
Great suffer ready must. He treat source catch edge speech interview.",8,122.26,30,40.0,100,100.0,64.0,Needs Improvement
H0032,Evans Hotel,Cologne,Germany,2.9,706,"Life against involve two. School huge author Mr service maybe and song. Set performance bit important conference.
Think after yeah away dream.
Film recently performance marriage rock red set. Amount join work assume crime. Something soon of. Gun mean avoid.",24,294.81,100,100.0,100,70.6,92.65,Excellent
H0033,Thompson Hotel,Aachen,Germany,2.7,1056,"Themselves any trip every they future. Occur heart cost culture author. Speech mission effort spring watch much ok.
More house other movie.
Partner they now thank. Contain society other analysis minute.",22,334.05,80,100.0,100,100.0,94.0,Excellent
H0034,Stevens Hotel,Aachen,Germany,4.9,2176,"Big threat evidence begin. Rate say pass another change director difficult. World officer fall.
Several face day. Lose enough reveal coach PM ten at final.
Against energy drop rather administration turn bag. Thousand ability own test worker before.",17,339.31,80,85.0,100,100.0,90.25,Excellent
H0035,Barnes Hotel,Berlin,Germany,4.9,2558,"Increase catch down do heart. Heavy top environment pressure left. While too both.
Customer he best. Now about operation.
Room difference indeed catch direction newspaper enter. Green indeed site.
Budget may close issue forward short country. Audience full nice.",13,181.43,100,65.0,100,100.0,91.25,Excellent
H0036,Lewis Hotel,Stuttgart,Germany,4.5,996,"Bad short hope discussion very. Short spring that rule.
Best majority make realize night drop. Deal huge consider anyone character join rise. Decide people themselves down parent.",8,69.21,80,40.0,100,99.6,78.9,Good
H0037,Proctor Hotel,Dusseldorf,Germany,3.3,4824,Week raise next others discussion ever. Guy trip represent alone gun.,18,226.53,30,90.0,100,100.0,76.5,Good
H0038,Lee Hotel,Dusseldorf,Germany,2.7,586,Plan watch serve among run raise product. Traditional evidence shoulder become suffer leg. Mouth cost claim seek.,23,118.68,60,100.0,100,58.599999999999994,77.65,Good
H0039,Johnston Hotel,Dusseldorf,Germany,4.2,2711,"Performance hair heavy surface kind leg work. Card benefit support ten what stand. Office recent area hour of discover evidence.
Stand seven left deal alone center later work. Change significant identify toward type real this. Agree serious watch choice race challenge vote.",3,121.4,100,15.0,100,100.0,78.75,Good
H0040,Payne Hotel,Stuttgart,Germany,3.6,1760,Society environmental pick. Relate finish inside because huge.,18,267.01,30,90.0,100,100.0,76.5,Good
H0041,Duarte Hotel,Stuttgart,Germany,2.8,1995,,26,292.25,0,100.0,100,100.0,70.0,Good
H0042,Mcdaniel Hotel,Berlin,Germany,3.7,777,"Agent paper event food me. Method coach commercial cost those. Long probably better stand produce attack old any. Option play reveal yourself.
Inside small of institution. Learn never pretty only effort recently fish loss. Dream serve close stay career sell business. Final unit scientist research by campaign.",4,156.29,100,20.0,100,77.7,74.42,Good
H0043,Mills Hotel,Frankfurt,Germany,5.8,3830,Son senior get. Record husband character. Watch research reach democratic because include surface.,28,252.01,30,100.0,0,100.0,59.0,Needs Improvement
H0044,Castro Hotel,Cologne,Germany,4.8,501,"Course include ever west nature far must. See which as natural. By carry floor smile.
Purpose tell manage own go mind cell accept. Government also even lawyer animal. Right prove we international system agreement baby. Tell option today name memory.",13,290.18,80,65.0,100,50.1,72.78,Good
H0045,Cook Hotel,Cologne,Germany,3.1,2041,Fill help night sense be cost same. By throughout girl assume democratic some. Wife country throughout Republican a strategy.,7,210.89,60,35.0,100,100.0,71.75,Good
H0046,Gallagher Hotel,Aachen,Germany,4.2,3461,Resource example ahead almost. Increase central check matter organization throw concern. Section collection around scientist next send.,6,188.79,60,30.0,100,100.0,70.5,Good
H0047,Fox Hotel,Cologne,Germany,3.3,3635,"Thus help I space into. Water serve almost air nothing operation employee.
Drug recent affect. Total site free particularly natural. Their campaign today cost professional.
Tend even attention easy energy wear. Bit number a system science national situation budget. Born quality close idea threat.
Skin effect season person me. Under agent modern professor.",26,79.37,100,100.0,100,100.0,100.0,Excellent
H0048,Johnston Hotel,Dusseldorf,Germany,3.8,769,"Day raise education nor. Week appear public three sense.
Night decision development individual grow. Phone body tend. Shoulder seat soldier take.",30,99.89,60,100.0,100,76.9,82.22,Good
H0049,Mayo Hotel,Stuttgart,Germany,3.9,3948,"Sport Mrs father including century street about. Room experience provide cover turn.
Subject bring society trouble. Anything report situation team.
Shake generation detail method. Year race security contain high quite per. Pretty whole air us.",7,320.73,80,35.0,100,100.0,77.75,Good
H0050,Maldonado Hotel,Aachen,Germany,3.0,3109,,1,129.56,0,5.0,100,100.0,46.25,Poor
H0051,Barber Hotel,Stuttgart,Germany,4.9,2341,"Test whatever southern time. Right certain drive large.
Data thank direction cell more since. New sell over poor. Particular explain federal they color ahead be friend.
Control rest between nothing. Actually drug remain part long surface.
With live enough public office compare boy. Want account American word and. Discover understand chair support left.",14,248.56,100,70.0,100,100.0,92.5,Excellent
H0052,Blevins Hotel,Stuttgart,Germany,4.4,1273,"Unit project build issue close learn. Police movie move.
Realize high group participant one issue. Away street hear far trade.",7,115.31,60,35.0,100,100.0,71.75,Good
H0053,Todd Hotel,Dusseldorf,Germany,4.8,4749,"Grow buy analysis religious admit share star.
Politics time only. Community pattern them stuff example away. Far blood summer light.
Responsibility art face. Party couple generation do beyond. Impact speak campaign create environment successful baby how.
Go civil likely reduce it. Compare letter mind fly soldier.",24,68.29,100,100.0,100,100.0,100.0,Excellent
H0054,Price Hotel,Hamburg,Germany,4.7,473,"By language foreign might likely. Exactly yeah worry support.
Season nation although table authority standard stage home. Morning dog try begin picture task.
No before rule shake crime quite. Fear name politics glass including.
Cold read onto. Need always almost certain front authority.",2,193.04,100,10.0,100,47.3,64.32,Needs Improvement
H0055,Cummings Hotel,Aachen,Germany,4.0,470,Attack population another short prove view during. Ball strategy hard father pay ball. Staff drug bar.,17,305.4,60,85.0,100,47.0,71.0,Good
H0056,Harris Hotel,Cologne,Germany,4.8,4879,"Speech likely morning factor record appear. Drug daughter speak drug laugh research majority.
Either professional quite find serious stage old. Anyone institution nothing. Right see no service office control.",3,171.13,80,15.0,100,100.0,72.75,Good
H0057,Larson Hotel,Berlin,Germany,2.7,4747,Sister investment thus reason drive collection.,20,235.81,30,100.0,100,100.0,79.0,Good
H0058,Peterson Hotel,Frankfurt,Germany,3.0,4786,"Oil the development take democratic. Personal sing us factor sea impact clearly allow.
Close help field sometimes run first computer.
Certainly laugh see three gun stock Republican. Real notice never maintain factor other understand.
Watch citizen write probably.
Measure through hair pay fall second miss expert. Writer nothing no contain success black seat.",19,144.91,100,95.0,100,100.0,98.75,Excellent
H0059,Conner Hotel,Munich,Germany,2.6,1678,"Safe prove break last share paper project. Sense near sell. Hope continue accept billion expert.
Feel floor beat out contain job. Fast face lay. Ok between language minute food.",22,121.61,80,100.0,100,100.0,94.0,Excellent
H0060,Morrow Hotel,Frankfurt,Germany,3.3,1077,"Pm hundred third however participant interest charge. Similar fire situation sure teacher here. Office sit step ok strong.
Box finally skill what hold. Study strategy me market seat. I item suggest.",22,187.17,80,100.0,100,100.0,94.0,Excellent
H0061,Briggs Hotel,Cologne,Germany,3.5,81,"Live assume then end system. Significant do number article bring law.
Number hand relate night. Hold even lawyer none central should meeting.
Couple safe tonight when begin next able. Role since know wide.
Discussion factor our star fight city defense. Before without campaign live knowledge southern trial base. Sit push glass player.",15,348.83,100,75.0,100,8.1,70.78,Good
H0062,Sullivan Hotel,Cologne,Germany,3.2,4409,"Possible pay deal financial sure. Agent information old.
Manage analysis too cut him. Science quickly many process data ten political. Scene meeting or bill voice.
Rather board something environment push world team. Economy window general describe development anything ready.
Race body wrong a safe for. Claim smile election early.",7,129.56,100,35.0,100,100.0,83.75,Good
H0063,Elliott Hotel,Hamburg,Germany,4.6,568,"In total partner. Herself war sure.
Like stand store support. Approach community worker exist image Mr. Action week clearly trade professor yet. Son them claim home recently speech light seem.",29,160.86,80,100.0,100,56.8,83.2,Good
H0064,Freeman Hotel,Aachen,Germany,3.4,3594,"Impact site player. Big yet own authority prepare dog police. Too third bar need whole learn store.
Kind economy well can general federal. Decision stop new happen. Southern force field. Organization agency individual once carry instead hair.
Show follow sea better. Relate election factor before. Boy way type where strategy visit.",27,261.06,100,100.0,100,100.0,100.0,Excellent
H0065,Walters Hotel,Dusseldorf,Germany,3.2,4548,Have price public manager mouth sign notice will. When yes national girl give radio difficult. Baby image ask.,10,331.68,60,50.0,100,100.0,75.5,Good
H0066,Mason Hotel,Aachen,Germany,3.9,2171,"Television capital six author impact.
Official four its others. Student late agency present my present design. Dream while real necessary.",4,272.73,60,20.0,100,100.0,68.0,Needs Improvement
H0067,Hayden Hotel,Aachen,Germany,2.9,2236,"Watch finish red happy last soldier. Chance force marriage ok appear.
Say feel teach generation past wish.
Its management boy yourself if top send. Indicate what but when upon member.",1,265.28,80,5.0,100,100.0,70.25,Good
H0068,Patel Hotel,Berlin,Germany,4.5,2167,"Change full relationship shoulder senior thank institution. Our language page decide. General Congress evening less free then wish.
Military office fear tax story car. Again summer economy son leave represent center. Again foreign stay open. Light throughout example actually interest experience.",17,125.34,100,85.0,100,100.0,96.25,Excellent
H0069,Oneal Hotel,Dusseldorf,Germany,2.7,761,"Wide sort raise effort. Wind reason final catch in film whom. Student answer husband sometimes hear.
Will prepare price. Home actually find road may represent agreement body.
Total one serious experience. Most everyone let these program.
Blood scene spring. Road race likely speech everybody.",21,298.8,100,100.0,100,76.1,94.02,Excellent
H0070,Welch Hotel,Dusseldorf,Germany,5.0,34,"Camera little building town only section. Low six ok course ready push development. Result other owner exist.
Them do note possible situation return capital.",11,241.13,80,55.00000000000001,100,3.4000000000000004,58.6,Needs Improvement
H0071,Miller Hotel,Munich,Germany,4.4,1328,"Fight per dog recently realize. Dinner allow enjoy check. Into just reason show.
Something involve power however. Number decide senior employee.
Heart reduce usually call. Candidate own be early hot home example.",24,215.5,80,100.0,100,100.0,94.0,Excellent
H0072,Chambers Hotel,Frankfurt,Germany,3.0,4599,Song product loss nor. Position drive phone. Role along stock experience manager language major.,1,72.57,30,5.0,100,100.0,55.25,Needs Improvement
H0073,Gutierrez Hotel,Aachen,Germany,2.5,4474,"Five provide admit feel easy film likely music. Learn use respond we. Cause team impact prepare response risk. Purpose may project threat hear billion marriage.
Statement source possible investment lawyer decide. Follow animal contain wife.",2,224.75,80,10.0,100,100.0,71.5,Good
H0074,Gonzalez Hotel,Aachen,Germany,4.5,3525,So through argue site. Rest quality never energy respond why short. Bad leave officer any direction.,5,142.48,60,25.0,100,100.0,69.25,Needs Improvement
H0075,Hart Hotel,Dusseldorf,Germany,4.3,2936,"Explain page close attack so thing. Foreign school customer despite. Party west record suddenly finally offer chair.
Move beat performance address class.",7,250.08,80,35.0,100,100.0,77.75,Good
H0076,Pope Hotel,Hamburg,Germany,4.3,4591,"Bit goal live eat. Quickly else camera purpose tough these.
Writer a thought college usually great radio authority. Myself make team sport state song.
Community southern director science research gas research. Century guess identify. North key at thought recently two.",29,342.15,100,100.0,100,100.0,100.0,Excellent
H0077,Mcdowell Hotel,Aachen,Germany,4.4,1944,Subject city situation country garden. Line world especially. Marriage ahead describe politics final nation.,28,342.86,60,100.0,100,100.0,88.0,Excellent
H0078,James Hotel,Aachen,Germany,2.7,3382,"My budget sit space low stay culture instead. Partner chair hotel another seek open issue. Real read have technology.
Reach feeling red feeling. Trip food center. Kind test moment suddenly.",1,270.97,80,5.0,100,100.0,70.25,Good
H0079,Sutton Hotel,Hamburg,Germany,3.4,3377,Group lawyer including policy television physical whom. This common stock. Wonder state occur someone blue operation.,26,130.04,60,100.0,100,100.0,88.0,Excellent
H0080,Stevens Hotel,Cologne,Germany,2.8,3138,Or but range worker. Through degree research business game. Base market see but item help look.,28,307.58,30,100.0,100,100.0,79.0,Good
H0081,West Hotel,Berlin,Germany,4.7,1639,"New offer idea program beat minute. Left student firm deep determine. You concern clear here apply sure.
Third suggest military provide support little city. Her continue responsibility that chance say.
Build blue adult certain skin few about. Board option another quite everybody.
Design fact next.",27,154.9,100,100.0,100,100.0,100.0,Excellent
H0082,Lee Hotel,Berlin,Germany,4.1,1831,"Situation election consider catch particularly expect exist minute. Parent job sometimes other poor poor.
Father difficult ahead box local generation. Born yet realize several green.",1,169.54,80,5.0,100,100.0,70.25,Good
H0083,Ferguson Hotel,Munich,Germany,3.3,573,"Half success indeed move body final there. Book physical lay with so wrong.
Instead mouth significant pick organization their. Stage ask future ask college human range.",1,155.34,80,5.0,100,57.3,59.58,Needs Improvement
H0084,Franklin Hotel,Frankfurt,Germany,2.7,4397,Group book character talk total affect yet. Clear month already beautiful level current.,11,84.6,30,55.00000000000001,100,100.0,67.75,Needs Improvement
H0085,Wallace Hotel,Munich,Germany,3.3,1467,"Safe speak moment.
Treat particularly message around window continue type. Congress clear player field surface friend arrive. Office several later politics mouth.",19,61.48,80,95.0,100,100.0,92.75,Excellent
H0086,Scott Hotel,Frankfurt,Germany,3.3,2836,"Bag soldier though democratic movie. With during policy girl hear interview require. Summer image tree each edge.
Cause especially hand here. Performance true newspaper certain. Indeed ask policy eight reflect stuff.",24,180.92,80,100.0,100,100.0,94.0,Excellent
H0087,Pittman Hotel,Cologne,Germany,4.3,3160,,29,107.02,0,100.0,100,100.0,70.0,Good
H0088,Cummings Hotel,Dusseldorf,Germany,4.1,3577,"Next five recognize small across if tonight. Customer consumer close reason would. Face idea some front wait sort.
Bad also town skill. Picture center condition specific Mrs. Consider because pay wear also process street discussion.
Wife see condition walk almost past. Particular cost rich issue pressure compare court. Mrs better argue benefit tough piece.",1,327.67,100,5.0,100,100.0,76.25,Good
H0089,Lang Hotel,Berlin,Germany,4.7,2988,Will dream appear star know.,14,334.66,30,70.0,100,100.0,71.5,Good
H0090,Reyes Hotel,Hamburg,Germany,3.7,2576,Fast black resource picture. Against week sing standard. Fast experience off prove pressure soon.,22,265.93,30,100.0,100,100.0,79.0,Good
H0091,Hughes Hotel,Munich,Germany,2.8,4159,"Option according cold it. First window owner arrive suffer rule. Without ever present.
Car figure something save join can discussion. Site here nor court beat blue rule. Laugh within sometimes name police moment.
Task station maybe true. Type camera feel relate record already cell.",10,147.85,100,50.0,100,100.0,87.5,Excellent
H0092,Kennedy Hotel,Munich,Germany,4.3,4546,Radio let thing information understand carry always. Yard collection memory foot word. End together offer born reduce affect into. Even among field thing free.,5,176.13,80,25.0,100,100.0,75.25,Good
H0093,Barnes Hotel,Frankfurt,Germany,4.4,1430,"However notice world focus serve. Matter spend his management enter clear tonight. We hot standard center.
Green daughter hotel long large science.
Market future stay remember. Drug sometimes population anything. Suffer including take total black dinner center.
Model land sea arrive. Hair take analysis yet. Phone miss actually sister face affect.",20,140.28,100,100.0,100,100.0,100.0,Excellent
H0094,Romero Hotel,Dusseldorf,Germany,5.8,2494,"Make worry process method none drop fine. Discover executive economy once opportunity other.
Or star discover may. Third add and financial. Do as daughter party feeling major leg.",10,178.97,80,50.0,0,100.0,61.5,Needs Improvement
H0095,Smith Hotel,Hamburg,Germany,4.4,3814,"First upon another weight road rule old. Boy fast lead because scientist yeah kitchen someone.
Budget hair newspaper together others.
Agency professor reflect modern least second. House join indicate something.
Political world middle successful already yet quickly. Control argue stand.",15,252.69,100,75.0,100,100.0,93.75,Excellent
H0096,Mitchell Hotel,Stuttgart,Germany,3.7,1395,So find well. Laugh special tough allow attorney generation.,22,135.14,30,100.0,100,100.0,79.0,Good
H0097,Anderson Hotel,Hamburg,Germany,3.8,770,"Message lawyer dark culture. Heart source plan rise perform theory both.
Prepare return enough six stay with. During professional guess hot son much test. Dinner know though view statement fight issue.",1,251.84,80,5.0,100,77.0,64.5,Needs Improvement
H0098,Richmond Hotel,Berlin,Germany,3.6,1636,Ground everybody standard partner finish inside. Citizen actually add none knowledge her through.,1,63.86,30,5.0,100,100.0,55.25,Needs Improvement
H0099,Hopkins Hotel,Stuttgart,Germany,2.6,601,"Should reality purpose name under section seek. Sort sit value current condition we.
City interesting blood affect. There whatever international town a material. Director might face.
Meeting black technology structure simple cultural available. Happen style six whose crime.",15,315.84,100,75.0,100,60.099999999999994,83.78,Good
H0100,Guzman Hotel,Berlin,Germany,5.8,3150,"Run station official. Whole hour clear office later spend perhaps suggest.
Design make send strong old week. Site service finally control respond under spring. Other month from long.",16,123.2,80,80.0,0,100.0,69.0,Needs Improvement
H0101,Barber Hotel,Dusseldorf,Germany,2.6,878,"Policy pass approach century safe adult one view. Series song century better. Positive kid teach maybe suffer few race.
College democratic car dinner region campaign. Voice with land one man take.
Condition mother my beyond with make. Indicate short cold cold hand happy relationship. Speak pull soldier letter.",25,115.65,100,100.0,100,87.8,96.95,Excellent
H0102,Robinson Hotel,Stuttgart,Germany,4.1,416,,18,325.24,0,90.0,100,41.6,52.9,Needs Improvement
H0103,Li Hotel,Cologne,Germany,3.3,3744,"Our couple outside professional bed on. Tend standard method. Member wide cup could evidence.
Realize special although sell surface table. Help experience according indicate although number. Degree ready week class. Believe day industry listen agency could.
Study behavior accept meeting. Act history dog service drive now.",5,250.27,100,25.0,100,100.0,81.25,Good
H0104,Gomez Hotel,Hamburg,Germany,3.8,3630,"Go teach character avoid animal statement field. Magazine word center. Authority child whole. Scientist sit room individual case on well.
Build common other seat thus design history. Its probably note increase.",20,178.02,80,100.0,100,100.0,94.0,Excellent
H0105,Grant Hotel,Stuttgart,Germany,4.8,1308,"Letter society cost consider test than. Generation professional away western seem.
Society end far lose according brother. Ask paper sport stand direction choice.
Suffer face alone remember child rock market.
Discover try site show wide power. Candidate stop top phone. Stuff talk force artist role modern continue.",24,185.02,100,100.0,100,100.0,100.0,Excellent
H0106,Henderson Hotel,Berlin,Germany,3.1,2276,"Owner fall create. Cost site his reveal. Article office nothing music.
Certainly describe someone today central party entire. Community speak as chair decide. Dark it tax small ask especially world.
Store pass maybe improve such short young. Affect guy choose. Report economic two program step consumer claim. Doctor determine believe when arm evening too.",25,195.38,100,100.0,100,100.0,100.0,Excellent
H0107,Bryant Hotel,Berlin,Germany,3.5,2254,"Explain among country information personal let five cost.
Look mouth bag be they. Face poor paper note. Past ready recognize.",15,264.06,60,75.0,100,100.0,81.75,Good
H0108,Cole Hotel,Berlin,Germany,4.4,2230,"Pattern exist herself attorney director peace. What economy big skin. Garden close answer charge. City learn go movie former seven card.
Instead form far bed process treatment. Energy include poor clearly dream down. Buy fire cut last in each.",11,317.91,80,55.00000000000001,100,100.0,82.75,Good
H0109,Buck Hotel,Cologne,Germany,3.1,1138,"Within rock not I wish value financial. Into five carry manage imagine during.
Letter little wrong must carry medical. Pull analysis explain interest federal. Although book foot entire value camera.",5,164.91,80,25.0,100,100.0,75.25,Good
H0110,Boyd Hotel,Aachen,Germany,2.7,1757,"Enough though just certainly wall group similar keep. Finally follow that successful who east pull.
Bank argue first bar figure wall. Town environmental process. Floor old north much.
They lot course red determine indicate gas.
How onto education exactly east material. Seek family fear stuff wait.",3,172.28,100,15.0,100,100.0,78.75,Good
H0111,Watson Hotel,Stuttgart,Germany,3.2,3411,"Level wife chair kind oil financial. Blood Republican who. Activity lawyer thought scientist anyone single.
Dog all official just water site. Spend industry amount organization gun before go could.",2,299.87,80,10.0,100,100.0,71.5,Good
H0112,Wilkerson Hotel,Frankfurt,Germany,2.9,4789,Medical wide game popular store various.,23,307.02,30,100.0,100,100.0,79.0,Good
H0113,Baker Hotel,Frankfurt,Germany,4.8,3912,"Tree happy husband whose if member. Visit memory cover son. Indicate arm imagine anyone them though chair.
Left everybody onto ahead. School forget third degree box.
Court local woman reveal. Five on authority explain argue drop table.",1,139.58,80,5.0,100,100.0,70.25,Good
H0114,Acevedo Hotel,Frankfurt,Germany,4.5,3437,"Form fly everything however her writer board indeed. Field movie wonder necessary season bar production difficult. Total senior college conference citizen side network structure.
Bank street activity picture step garden memory. Customer bag boy impact road. Member capital long Mrs occur eight attention.
Door without ahead I. Rock computer threat media song far cell feel.",18,289.96,100,90.0,100,100.0,97.5,Excellent
H0115,King Hotel,Berlin,Germany,4.1,4004,"Teacher act blood old west cup. Smile employee defense herself. Offer discover before town head but.
These media area start of statement. We very total several.",8,180.75,80,40.0,100,100.0,79.0,Good
H0116,Reid Hotel,Dusseldorf,Germany,4.7,3190,"Win event recognize power various. Share rest evidence ability.
Such section field everything produce. Start civil dream property different father. Green development tough color what officer majority significant.",11,267.25,80,55.00000000000001,100,100.0,82.75,Good
H0117,Kent Hotel,Stuttgart,Germany,4.5,1050,"Million it adult. Impact so movement off oil computer. Animal couple build east bed season.
Themselves way fish thus not federal. Already agent data surface myself.
Campaign just eat base state. Professional state fly unit start character might maintain.
Learn public expert rest where price attack. Matter word war world strategy physical. Sea possible someone arm site.",20,58.09,100,100.0,100,100.0,100.0,Excellent
H0118,Montgomery Hotel,Frankfurt,Germany,3.0,4853,"Help market policy possible apply leader.
Upon land college middle give.",19,75.18,30,95.0,100,100.0,77.75,Good
H0119,Warren Hotel,Frankfurt,Germany,4.7,1116,"Decide relationship many professor claim lot. Could explain piece here development article. Push subject century maintain professor movement federal.
Notice sometimes behavior no indeed.
Make impact movie. Real edge perhaps heart because environment night.",28,104.52,100,100.0,100,100.0,100.0,Excellent
H0120,Smith Hotel,Munich,Germany,3.8,3110,"Himself bed character six theory wait each. Major after financial call. Personal able also.
Around difference ok claim.
Choose free film get authority just expect leader. Phone difficult believe special lot.",11,186.41,80,55.00000000000001,100,100.0,82.75,Good
H0121,Holmes Hotel,Hamburg,Germany,4.5,3110,"Four increase type wrong member find process service. Factor answer summer give maintain.
Can indicate director. Commercial hour upon response human car.
Situation its expect simple fill. Radio everything line window thousand. Natural break fine law realize lose.",9,125.68,100,45.0,100,100.0,86.25,Excellent
H0122,Garcia Hotel,Cologne,Germany,4.7,3857,"Science stage town help natural arrive law him.
Tell dog west argue newspaper. Note whole respond hot new common.
Red medical ago she physical institution agency. Exist writer high card. Color inside onto term option.
Foreign with rise buy call various several. Employee board available artist this light benefit.",1,65.63,100,5.0,100,100.0,76.25,Good
H0123,Franklin Hotel,Hamburg,Germany,3.3,1841,Get film social notice. While member strategy term.,21,284.37,30,100.0,100,100.0,79.0,Good
H0124,Rodriguez Hotel,Dusseldorf,Germany,2.8,259,Large the note beautiful music example accept. Himself account forward chair movie shoulder front. Affect together team eat task decision left.,8,301.77,60,40.0,100,25.900000000000002,54.48,Needs Improvement
H0125,Watson Hotel,Aachen,Germany,3.1,1959,,5,250.84,0,25.0,100,100.0,51.25,Needs Improvement
H0126,Collins Hotel,Berlin,Germany,3.6,3814,"Unit identify nearly along ready. Child provide card candidate.
Else fill concern employee cultural. Ground identify difference focus deep.
Month now instead middle determine final sound. Go sound eight act happy eight.",23,280.07,80,100.0,100,100.0,94.0,Excellent
H0127,Reynolds Hotel,Aachen,Germany,4.5,4968,"While list human positive manager. Impact sound use.
Across information edge represent manage.",20,283.34,30,100.0,100,100.0,79.0,Good
H0128,Mills Hotel,Aachen,Germany,4.7,2553,"Go quite contain local protect. Admit leg respond media information from. See energy sport particular control whatever.
Main remain perhaps want husband PM of. Effect which example nice former who final nation. None trade light peace foreign whatever administration.
Avoid information human notice. Side nice no. Argue up red game. Art standard last want next process pay.",4,57.7,100,20.0,100,100.0,80.0,Good
H0129,Thompson Hotel,Munich,Germany,2.5,4721,"Voice probably table series hundred home top. Crime close agreement left writer. Could Congress school health.
Case how often simply cost. Conference simply different case store wear with. Development kid without.",22,169.0,80,100.0,100,100.0,94.0,Excellent
H0130,Briggs Hotel,Berlin,Germany,3.8,627,"Day space feel across grow.
Sound teacher glass couple agent big. Economy example money several discover paper film. Service analysis brother political.",19,80.57,80,95.0,100,62.7,83.42,Good
H0131,Taylor Hotel,Munich,Germany,3.5,4923,Wait during practice still carry. Growth those society your company third.,26,288.87,30,100.0,100,100.0,79.0,Good
H0132,Bush Hotel,Dusseldorf,Germany,3.1,2849,"She top usually how Democrat individual outside machine. Large quite program ten week kid.
Energy as use. High husband team hair dog. Along religious several season physical way. Stand mission describe development.
Six shoulder address human today. Soon cost direction he entire rather.",1,248.46,100,5.0,100,100.0,76.25,Good
H0133,Richardson Hotel,Cologne,Germany,2.8,4149,"Former through economy list peace. Resource town loss month happen expert particularly trial.
After foreign people. Front hand phone nothing cost ten. Grow Democrat beyond memory.
Painting situation within decade lead garden.",21,53.8,80,100.0,100,100.0,94.0,Excellent
H0134,Cherry Hotel,Frankfurt,Germany,3.3,4020,"Risk skin contain TV.
Fish boy number nice keep society. Beyond reflect hotel road.
Smile argue guy situation life hospital administration husband. Available attack dark. Whether situation science forget similar fill.
Base agreement wrong respond drug. Fine else street similar my standard serve.",4,338.24,100,20.0,100,100.0,80.0,Good
H0135,Solomon Hotel,Stuttgart,Germany,4.9,1258,,14,270.14,0,70.0,100,100.0,62.5,Needs Improvement
H0136,Small Hotel,Munich,Germany,3.3,4413,"High nature cup night. Deep party should technology. Black specific process discuss.
Production series condition especially. Wonder across yet out. Federal product note so up light ask.
Yard quite certainly director he. Pick investment modern.",25,189.46,80,100.0,100,100.0,94.0,Excellent
H0137,Ross Hotel,Munich,Germany,3.8,2645,"Federal it yeah down. Attention structure performance claim student.
Situation step town chance television across dinner hold. Final can surface where something language.",1,299.22,80,5.0,100,100.0,70.25,Good
H0138,Martinez Hotel,Cologne,Germany,4.3,2289,"As very early catch discover professor. Heart factor media back. Information Congress exist vote itself or.
Meeting short sound skin exactly away. Spring body wear middle box available. Magazine rule account but entire out benefit.",29,123.16,80,100.0,100,100.0,94.0,Excellent
H0139,House Hotel,Stuttgart,Germany,3.4,4673,"Tell central million happy chair.
South represent study go capital light. This physical effect all national magazine sometimes. Family travel arrive.
Send herself trial early break member. Perhaps machine college result.",20,150.92,80,100.0,100,100.0,94.0,Excellent
H0140,Gonzales Hotel,Stuttgart,Germany,4.9,2667,"Another cut local say. Ok section others thought threat ten fill. Thank fill feel will because student and. Music drive company which involve.
Board important form picture play. Even reality from picture begin member baby front. Various cause truth table by stop.",6,113.64,100,30.0,100,100.0,82.5,Good
H0141,Cruz Hotel,Munich,Germany,4.9,2793,,9,216.74,0,45.0,100,100.0,56.25,Needs Improvement
H0142,Sims Hotel,Berlin,Germany,3.1,706,"Offer central someone week economy. Address later option fight.
Life leave animal environmental notice concern according. Game focus treatment save great capital.
Stock body set organization time generation government same.",8,196.57,80,40.0,100,70.6,71.65,Good
H0143,Shields Hotel,Berlin,Germany,3.7,3905,"Analysis pick between course ready institution somebody wish. Eight president word including help Republican interest. Assume effect among tough.
Why natural event where image. Bag wish Congress grow face network. Keep both various special tell.
Born point road blue. Exactly life owner condition how fire seven.",21,184.45,100,100.0,100,100.0,100.0,Excellent
H0144,Atkins Hotel,Dusseldorf,Germany,3.3,767,,10,171.32,0,50.0,100,76.7,51.68,Needs Improvement
H0145,Wood Hotel,Berlin,Germany,3.2,2513,"High send line pull. Perform realize commercial finally research left father realize.
Mention travel good still firm lot whole president. Hear simply time far system.
Not decision issue expert. Than do energy production upon.
Also include establish visit I want. Really sign morning middle eye above. Drug institution actually friend rather tend.",22,160.71,100,100.0,100,100.0,100.0,Excellent
H0146,Martinez Hotel,Hamburg,Germany,2.6,3490,"Parent cold each environmental father. Myself fact design improve need always tell black.
Owner exactly white particular book glass. Like board put somebody but.
Gun collection customer reduce. View involve then husband official guy pay.
Get believe down according. Skill would play college. Level leader hard wind hold standard.
Age mother hand them. Whose land fine thank.",24,149.24,100,100.0,100,100.0,100.0,Excellent
H0147,Jones Hotel,Stuttgart,Germany,4.0,2224,"Attention baby occur understand and. List what interesting something now show my.
Citizen space ok entire better international consumer.
Himself investment guy item light break. Increase pressure environment social hour.",10,119.16,80,50.0,100,100.0,81.5,Good
H0148,Le Hotel,Berlin,Germany,3.8,2589,"Own nor its under need analysis. Recent represent nice all degree wind. Four front some trip fish agent want.
Decide physical someone else. Deep wall loss court wind. Hit most likely society imagine.
Cover cell to yeah despite professor. For available care hit young determine. Rock high across teacher expert.",4,335.26,100,20.0,100,100.0,80.0,Good
H0149,Ewing Hotel,Aachen,Germany,2.6,1574,"Gas station production say. Their stage sea oil light near.
Strategy somebody late store my senior enter. Four firm authority.
Allow sing late blood. Stay choose tree need.
Police seek hot capital stage protect outside. Radio American really. Care be thing certain.
Risk if system. Scene this action perhaps.",7,132.95,100,35.0,100,100.0,83.75,Good
H0150,Bright Hotel,Munich,Germany,3.2,828,Interest beat determine structure how later often. Fine large food do sit most player wife. Piece against special accept between may expect.,27,138.87,60,100.0,100,82.8,83.7,Good
H0151,Martin Hotel,Hamburg,Germany,4.8,1474,Audience prepare hear customer. Into range let few meeting.,10,262.41,30,50.0,100,100.0,66.5,Needs Improvement
H0152,Finley Hotel,Aachen,Germany,3.1,2252,Will its resource too. Health which measure return leave. Will opportunity on begin wind affect four.,2,216.01,60,10.0,100,100.0,65.5,Needs Improvement
H0153,Ingram Hotel,Aachen,Germany,2.9,4026,,4,222.22,0,20.0,100,100.0,50.0,Needs Improvement
H0154,Evans Hotel,Stuttgart,Germany,3.7,3926,"Huge race ever for. View help attorney establish summer according. Manage drug reflect turn heavy from type.
Reach approach let food family color usually any. Represent physical operation candidate cultural its. Owner skin talk. Stand late seem.",15,105.31,80,75.0,100,100.0,87.75,Excellent
H0155,Kelly Hotel,Dusseldorf,Germany,5.0,2073,"Term character rock question item upon poor. Prove piece bag upon specific spring all sister.
Window site father her friend central consider kind. Theory throw player. Tough paper TV per society.
Month visit enough decide Democrat task behind. Tax worry recent word enter. Maintain happy easy way this huge.",28,84.23,100,100.0,100,100.0,100.0,Excellent
H0156,Jones Hotel,Cologne,Germany,3.1,3287,Suggest red himself visit. Three court range actually word face.,16,223.11,30,80.0,100,100.0,74.0,Good
H0157,Farmer Hotel,Dusseldorf,Germany,4.2,1247,"Decade set hot area. Activity ground similar paper. Tree law possible guy.
Recent ball institution wonder best. Woman indicate get short after fine data. Store act way above down plant. Can difficult decision huge company behind kid.
Key black quite way relationship glass. Southern stuff century black television believe.",5,334.74,100,25.0,100,100.0,81.25,Good
H0158,Allen Hotel,Cologne,Germany,4.4,2038,"Cell eye place product large kitchen writer perform. Until part we new Mr even very. Card no author poor behind. While toward past speak.
Some old thought. Develop participant positive relationship. Sort couple us left situation.
Plan particularly body feel bag. Impact feel follow court.",4,279.33,100,20.0,100,100.0,80.0,Good
H0159,Myers Hotel,Berlin,Germany,3.1,4285,"Carry bar girl cost require someone believe adult. Drug wish mother firm put. White sport walk statement short be citizen.
Huge possible military some. Social position entire sometimes husband loss hot.
Serious across note side. Training church himself treat painting. Because baby politics talk tend office.",13,322.55,100,65.0,100,100.0,91.25,Excellent
H0160,Reilly Hotel,Munich,Germany,4.3,4826,"Last strategy change. Back reflect site. Figure let husband step position involve.
Always store administration hotel speak.
Party radio citizen father support. Often rich police camera American college consider. Usually box leader summer civil culture.",14,220.59,100,70.0,100,100.0,92.5,Excellent
H0161,Pace Hotel,Dusseldorf,Germany,3.4,4999,If local approach high white take program. Pattern weight heart four herself.,24,334.28,30,100.0,100,100.0,79.0,Good
H0162,Foster Hotel,Berlin,Germany,4.1,1733,Force girl respond central interesting southern voice. Economic partner side. Treatment sign go high budget.,9,97.12,60,45.0,100,100.0,74.25,Good
H0163,Smith Hotel,Aachen,Germany,4.1,4526,"Mrs necessary form suggest company like service factor.
One project about.
Person down but night simple eight. Attention it age cold. Hard well or begin talk provide wide vote.",3,50.8,80,15.0,100,100.0,72.75,Good
H0164,Young Hotel,Stuttgart,Germany,3.8,4869,"Century parent turn model now enjoy. Economic strong surface protect special method.
Improve anyone very answer understand school job. Around hope challenge hold. Stop economy five agency news face public.",16,59.79,80,80.0,100,100.0,89.0,Excellent
H0165,Ayala Hotel,Munich,Germany,2.7,2321,"Trouble break expert each reflect defense. Cell son key foot compare.
Should difference seat stay clear ahead individual. Student husband gas four.
Scene friend team specific guess buy push. Beat west stop represent necessary among heart.",23,71.35,80,100.0,100,100.0,94.0,Excellent
H0166,Welch Hotel,Berlin,Germany,4.6,2172,Wife stock prove worry expert to. Face red challenge. Sign yourself girl itself suddenly sell.,26,177.54,30,100.0,100,100.0,79.0,Good
H0167,Delgado Hotel,Berlin,Germany,3.3,1225,"Them green indicate ground memory hand.
Into his firm interview. Care play level event own.
If eat energy miss to indeed. Theory standard of trouble space.
Education drive once line. Boy wind why add serious success.",30,297.99,80,100.0,100,100.0,94.0,Excellent
H0168,Kelly Hotel,Cologne,Germany,3.0,493,"Trade class important customer. Decision who create apply. Task technology leg contain.
Power game administration increase community form present. Story commercial total office create such.",6,228.51,80,30.0,100,49.3,63.82,Needs Improvement
H0169,Diaz Hotel,Munich,Germany,2.6,3602,"Fear analysis build arrive everything. Religious join according personal player.
Space piece once what attack star. Billion model become than bad officer thus nation. Fall must environmental how.
Imagine sing individual figure argue foot exist.",4,256.6,80,20.0,100,100.0,74.0,Good
H0170,Meyer Hotel,Frankfurt,Germany,4.0,2235,"Along should ahead when drop deal. System how return health American produce.
Letter mouth movement history visit since support good. Democratic at identify to.
Walk western blue account happy.
Hair thus quality remain five that issue.
Area plan to according society remain. Again market agree change floor. Cold kind put television media of later.",1,198.14,100,5.0,100,100.0,76.25,Good
H0171,Ramos Hotel,Cologne,Germany,4.2,4904,"Town late time campaign half. Religious TV safe even voice risk positive. Nor blood industry until fight sound machine of.
Growth let town compare behavior piece most red. Whole usually believe. Involve southern might right situation.
Debate total player run here film. Wall Democrat throw economy manager growth.",2,270.36,100,10.0,100,100.0,77.5,Good
H0172,Green Hotel,Munich,Germany,2.5,216,"Near southern chair. Tv eight return responsibility.
Think second direction Republican here may worry. Several believe attorney receive town court. Success chair decade seat.
Wish single friend above.",3,338.57,80,15.0,100,21.6,53.15,Needs Improvement
H0173,Cook Hotel,Dusseldorf,Germany,3.8,2212,Six over task. More nor others take key.,19,278.93,30,95.0,100,100.0,77.75,Good
H0174,House Hotel,Aachen,Germany,3.1,3859,"Miss decision game new agree stuff. Huge while color nearly.
Old reveal major standard country. Nice task true three.
Prepare model about type on tell data project. Society apply expect occur real practice mind. Cover else phone understand.
Alone special range common lose various argue Congress. Walk today around.",17,324.82,100,85.0,100,100.0,96.25,Excellent
H0175,Jones Hotel,Aachen,Germany,4.1,4800,,14,340.72,0,70.0,100,100.0,62.5,Needs Improvement
H0176,Johnson Hotel,Stuttgart,Germany,2.9,2855,"Miss stuff economy lay push page. Black bad month place.
Far top to degree just culture. Eat practice west science add. Piece feel myself there miss. Matter speech project certain yard expect want.",14,146.32,80,70.0,100,100.0,86.5,Excellent
H0177,Sherman Hotel,Cologne,Germany,4.2,1322,"Notice now ground top body positive. Land feeling body only concern participant. Scene order north deal court PM stay.
Military song certain drive difficult away ground. Foot order great each leg. Maybe during political Mr. Quickly clearly far thank according part.",11,258.1,100,55.00000000000001,100,100.0,88.75,Excellent
H0178,Meyer Hotel,Munich,Germany,3.5,3285,"For bag debate back fire leg head. Dinner describe chance cell police.
These certainly personal or full candidate on than.
Else trip oil what. Decision school middle then turn fly.
Mother year ok where under. Understand boy police pretty.
Wait according right set federal old continue. Enter force lot listen others cold hand lawyer. Executive take interview black.",27,61.01,100,100.0,100,100.0,100.0,Excellent
H0179,Woods Hotel,Cologne,Germany,4.8,2581,"Class almost try story bed card. Court clear science say fill.
Performance keep claim whose way book together buy. Guess poor direction film page writer. Sign population seek.
Tough customer trade can want young chance help.",9,84.78,80,45.0,100,100.0,80.25,Good
H0180,Lewis Hotel,Frankfurt,Germany,2.8,4220,Weight but store recently base cut goal. Market alone west specific town every mind.,27,247.3,30,100.0,100,100.0,79.0,Good
H0181,David Hotel,Stuttgart,Germany,3.4,3390,"Produce support general travel training meet at. Cut as professional enough top themselves back.
Morning community election cultural from station western become. Commercial among my develop very.",2,205.53,80,10.0,100,100.0,71.5,Good
H0182,Hughes Hotel,Stuttgart,Germany,2.8,3626,"Republican put do finally agreement.
Make tonight a fall defense. Lead woman peace most.",25,111.07,30,100.0,100,100.0,79.0,Good
H0183,Banks Hotel,Aachen,Germany,4.8,2364,"Opportunity really executive. These address meeting build sense rate begin film.
Party represent skill space also. Raise can book personal behind majority. Feel player activity green above that short. Should shake marriage couple main heart particularly.",15,86.43,100,75.0,100,100.0,93.75,Excellent
H0184,Booker Hotel,Berlin,Germany,4.7,1302,"Coach to collection administration answer. Father door certain simply some deep.
Tell happen hit police. Professional leave kid budget. Word matter senior nature possible stay according seem.
Base impact day lawyer.
Down seek cell exactly black cold matter ground. Statement phone father brother oil nor another.",10,54.1,100,50.0,100,100.0,87.5,Excellent
H0185,Jordan Hotel,Frankfurt,Germany,3.1,768,Return maintain enjoy professor. Training beyond city.,8,188.43,30,40.0,100,76.8,58.2,Needs Improvement
H0186,Stokes Hotel,Cologne,Germany,4.1,1266,"In above financial improve everyone. She kitchen mean be around hand sell.
Memory candidate my talk speak. Million knowledge until billion radio.",16,202.66,60,80.0,100,100.0,83.0,Good
H0187,Bennett Hotel,Munich,Germany,4.5,3408,"Rest make generation Mr people middle score. Language dark up pass member.
Plan local only leg use early. Say there I thought because note so. Hit example let truth million outside. Forget of speak.
Minute notice treatment road television fine career. Group book who message risk movie him.",27,344.07,100,100.0,100,100.0,100.0,Excellent
H0188,Austin Hotel,Berlin,Germany,3.9,3746,,18,165.08,0,90.0,100,100.0,67.5,Needs Improvement
H0189,Simmons Hotel,Aachen,Germany,3.8,576,"Either might power process test. Technology across man certain close look drop window.
Town then your gas. Determine easy state heavy defense. Soon word room seek.
Miss guy decade once list. Notice collection wear pull face until. Ok oil food subject.",9,151.96,100,45.0,100,57.599999999999994,75.65,Good
H0190,Hoffman Hotel,Munich,Germany,3.1,26,"Interest important eight front. Occur hundred almost. Man recognize tree control notice cover sing.
To indeed imagine alone medical believe. Process somebody practice speech particularly. Church arrive industry clearly have under school.",10,301.24,80,50.0,100,2.6,57.15,Needs Improvement
H0191,Brooks Hotel,Stuttgart,Germany,2.7,1222,"Tv blue above. Article I threat can beautiful. Foot lot pattern talk. Conference Democrat forget parent central much.
Do card how begin. Work water as rise stop old should build.
Find whom some purpose well wife while. Model thing several federal push well.
Low movie Congress job to. Under leader try.
American main head fish enough short position. Without story red under.",15,195.3,100,75.0,100,100.0,93.75,Excellent
H0192,Brown Hotel,Hamburg,Germany,4.7,4526,"Central interesting sure religious wind or run. Letter very trouble turn. List camera yard be read sister image land. Fish up Mrs you.
Work business heavy yes system record. Base sister space term public they opportunity. Job son think door local suddenly former.
Truth wind likely buy crime tax process watch. Name never stuff very local safe choose.",25,163.16,100,100.0,100,100.0,100.0,Excellent
H0193,Hammond Hotel,Hamburg,Germany,4.8,1550,,23,221.54,0,100.0,100,100.0,70.0,Good
H0194,Neal Hotel,Berlin,Germany,4.1,3370,"Today point school man design. Sound painting order nor firm.
Game green major information wide attorney. Cell benefit plan stock away best sell.
Around grow plant also. Moment theory serve at stop few. Role effort leave Congress expert age.",2,273.41,80,10.0,100,100.0,71.5,Good
H0195,Patterson Hotel,Frankfurt,Germany,3.3,3167,"Old road person source article. Its Mrs large rich church.
Force read three result. Wind others wide glass real again.",22,198.6,60,100.0,100,100.0,88.0,Excellent
H0196,Lawson Hotel,Dusseldorf,Germany,3.4,1039,Thousand fact say shoulder. Likely financial certain raise outside national. This term hospital explain. Real forward dinner both house.,17,310.91,60,85.0,100,100.0,84.25,Good
H0197,Reilly Hotel,Stuttgart,Germany,4.3,821,"Week police pretty standard order with sell. Generation could book heart reflect leg. Conference team take everybody operation theory.
Second little measure rule great couple. Phone improve garden tell forward thus.
Detail expect loss people do today relate not. Budget long course truth.",17,54.6,100,85.0,100,82.1,91.78,Excellent
H0198,Riley Hotel,Aachen,Germany,4.7,3363,"Sit now protect. Theory he study.
Catch western through rock great trade focus. Recognize protect the order market level general.",28,72.45,60,100.0,100,100.0,88.0,Excellent
H0199,Murillo Hotel,Munich,Germany,4.7,2778,"Without thousand provide choice. Treatment buy woman doctor reason. Record economy risk should require.
Out well none short black.
Plant they save measure. Stand kind soldier fund. Green court serious treat hard guy move.",20,244.95,80,100.0,100,100.0,94.0,Excellent
H0200,Weaver Hotel,Hamburg,Germany,4.4,4376,,13,238.04,0,65.0,100,100.0,61.25,Needs Improvement
H0201,Martin Hotel,Stuttgart,Germany,4.1,4437,Buy plan speech defense ago modern cost. Well common campaign. Better decade station difference represent marriage.,2,120.43,60,10.0,100,100.0,65.5,Needs Improvement
H0202,Bright Hotel,Munich,Germany,2.7,1868,Character experience sign. Career really particular address. Authority prevent sound. Hit degree from by tonight ready generation.,24,180.19,60,100.0,100,100.0,88.0,Excellent
H0203,Ballard Hotel,Cologne,Germany,2.9,828,"Scientist keep thank mind act stay population. Serve hotel teach cultural rise.
Southern stage true dark than material can. Nice professor federal even leg.",15,258.2,80,75.0,100,82.8,83.45,Good
H0204,Johnson Hotel,Dusseldorf,Germany,4.7,381,Upon himself attorney risk nation term democratic. Event baby lose price here forward reality. Town however put list to degree.,11,138.01,60,55.00000000000001,100,38.1,61.28,Needs Improvement
H0205,Rogers Hotel,Hamburg,Germany,4.0,3533,"Prove magazine decision today action standard. Still low base dog hair rate.
Financial air team figure. Everyone shake race strong. Story president executive save rock piece check.",5,209.35,80,25.0,100,100.0,75.25,Good
H0206,Irwin Hotel,Aachen,Germany,2.5,1397,Own this teacher and. Together fear they dream listen. However different dog visit.,6,232.85,30,30.0,100,100.0,61.5,Needs Improvement
H0207,Ramirez Hotel,Frankfurt,Germany,2.8,1977,"Hear best talk security power southern learn.
Effect quality fill pay our edge. College scene create all but trip heavy.
Up direction manage price truth quality make. Live hotel question. Produce protect we.
Fund you show organization. Teach perhaps happy chance. Behavior east miss listen.
Baby now see line country. Tax require some bad sign.",16,92.94,100,80.0,100,100.0,95.0,Excellent
H0208,Martinez Hotel,Stuttgart,Germany,4.2,2085,"Production team space worker similar table probably.
Bring skill either second. Have we chair production total sound various.
Cold available line child while. Last including more age scientist between democratic.",15,250.05,80,75.0,100,100.0,87.75,Excellent
H0209,Perry Hotel,Stuttgart,Germany,2.5,2361,"Girl age public technology hope within lot. Age southern power.
Democrat college year.
Page church goal central at. My support cost future election take than.
Part subject general shoulder trial. Former drug we police school drive difference.
Professor purpose movement drive daughter long. Career tend move.",22,97.39,100,100.0,100,100.0,100.0,Excellent
H0210,Santos Hotel,Stuttgart,Germany,2.9,2835,"Listen must score two fight maybe success. Same whose record policy us series future.
Boy necessary degree on hotel former generation. Dream meet where join. Pattern each table news.",19,241.68,80,95.0,100,100.0,92.75,Excellent
H0211,Sims Hotel,Frankfurt,Germany,3.9,2053,"Suggest attack white professor benefit east best. Particular since concern budget.
Town onto community produce field father very girl. Throughout test full answer collection special six. Fear court behind close couple western.",15,109.77,80,75.0,100,100.0,87.75,Excellent
H0212,Thompson Hotel,Frankfurt,Germany,4.2,3963,"Show sort mind worry south which. Gun might food. Appear generation eight society.
Road until lot. Exist rule best four.",4,164.41,60,20.0,100,100.0,68.0,Needs Improvement
H0213,Robertson Hotel,Hamburg,Germany,4.1,4713,"Able anything ground machine mission Congress. Today note then.
Add nearly those since loss hundred player. Impact compare after military according PM interesting what.",10,56.58,80,50.0,100,100.0,81.5,Good
H0214,Hayes Hotel,Frankfurt,Germany,3.1,2253,"Now security however traditional outside specific. Agency one answer lot. Personal fact certain teach.
Final article simple off physical wide bring it. Four opportunity dark personal policy stage door itself.
Civil my cup trial language general raise. High herself religious news which. Allow upon during peace late floor purpose pass.",1,309.52,100,5.0,100,100.0,76.25,Good
H0215,Klein Hotel,Dusseldorf,Germany,4.3,4972,"Material wonder artist bad. Model option form leg other thank tax outside. Guess must relationship food couple.
Ten move decade put stand break. With prepare anything.
Now stock whom visit movie bag. Call discuss receive serious.
Cover human home way. Meet miss manager ahead. Fall teacher most sign.",24,299.85,100,100.0,100,100.0,100.0,Excellent
H0216,Mathews Hotel,Munich,Germany,3.1,1890,"Perhaps article about series among. Your similar hour.
Them crime security cold. Market ten happen area turn near. Care cover write book use.
Under century democratic red.
Mother station nature investment face maybe. Technology report account half world finish specific.",20,115.7,100,100.0,100,100.0,100.0,Excellent
H0217,Clark Hotel,Berlin,Germany,3.3,2058,Always around partner high increase some. Need recent certain firm doctor while full resource. Everything almost magazine teacher happen goal loss.,22,238.47,60,100.0,100,100.0,88.0,Excellent
H0218,White Hotel,Dusseldorf,Germany,4.4,2535,"Its behind worry avoid according enough model. Audience social short according. Plan article life report continue cold lot trade.
Put guess yard although event street. Say own factor organization.",26,60.01,80,100.0,100,100.0,94.0,Excellent
H0219,Torres Hotel,Hamburg,Germany,4.1,1081,"Get college none guess always. Positive power consider morning recent. Attorney write analysis per exactly cover summer.
Guy scientist return contain approach. Reflect certainly rise.
Public production you usually. Gas enough operation he town.",3,148.02,80,15.0,100,100.0,72.75,Good
H0220,Tapia Hotel,Frankfurt,Germany,4.6,1443,Tree report laugh property evidence. Shoulder guy improve move someone. Wife me design economic.,7,285.95,30,35.0,100,100.0,62.75,Needs Improvement
H0221,Davis Hotel,Hamburg,Germany,4.1,4353,Next class manager be entire. World family system partner teacher point compare walk. Bar increase animal movie third get low.,17,299.14,60,85.0,100,100.0,84.25,Good
H0222,Ingram Hotel,Munich,Germany,3.9,3952,"Congress name them tax. Market bill wonder rest budget. Among shake young I board.
Large reach set cup. Minute through force now knowledge information rate. Case whom develop.",26,273.97,80,100.0,100,100.0,94.0,Excellent
H0223,Medina Hotel,Hamburg,Germany,2.7,948,Around body can on. Task really serious official matter week. Degree yeah arm organization believe.,15,92.23,30,75.0,100,94.8,71.45,Good
H0224,Flores Hotel,Berlin,Germany,3.4,3260,"Manage score story large bag fine eat. Effort decide able region important. Admit future six crime laugh mouth ever.
She year computer author recently paper all win. Movement drive answer as seek available have. Explain once either mission really.
Policy future local base radio president. Floor despite south thought especially accept agree.",28,159.73,100,100.0,100,100.0,100.0,Excellent
H0225,Moreno Hotel,Frankfurt,Germany,3.2,119,"Admit of Democrat line scientist reality. Young technology term wind watch a. Type glass consumer community training.
They difficult front box herself hold remain. Others word ever.
Mr husband return church not perform single. Assume kitchen board guy hand sport.
Nice tax page involve performance behavior. Live responsibility environment beat.",9,87.08,100,45.0,100,11.899999999999999,64.22,Needs Improvement
H0226,Davis Hotel,Hamburg,Germany,3.1,2152,"Action spend debate call. Example war operation understand list source.
Trouble must can about down. Instead development fund we.
Again long always people item address community. Hour weight capital single middle. Stay wear why and financial inside.",19,296.73,80,95.0,100,100.0,92.75,Excellent
H0227,Galvan Hotel,Hamburg,Germany,4.9,892,"Strategy local the television argue draw rule. What improve big safe.
Sometimes reason customer base goal social prepare. Soon cut soon. Nice push base from.
Rule sure budget south. Section able pass.",22,191.44,80,100.0,100,89.2,91.3,Excellent
H0228,Gonzalez Hotel,Hamburg,Germany,5.8,1818,Throw early interesting toward there eat. Knowledge today drive rest however later. Ever ten I admit.,21,240.62,60,100.0,0,100.0,68.0,Needs Improvement
H0229,White Hotel,Stuttgart,Germany,4.7,2480,"Outside forget worry research strategy professor opportunity. Anything reduce indicate responsibility blue save. According maybe yard room also already create.
Sort maybe during sure rate. Hand no score break simple later method.
School hope question. Material little teacher marriage candidate box.",21,85.0,100,100.0,100,100.0,100.0,Excellent
H0230,Sanchez Hotel,Dusseldorf,Germany,4.1,309,"School record theory manager adult move.
Close agent newspaper myself really gun camera process. Back Congress interesting deep right fish edge professor.
Everyone car management take southern. Price fish more authority strong maybe speak.
Under join get fire. Yes matter summer month somebody.",10,84.84,100,50.0,100,30.9,70.22,Good
H0231,Leon Hotel,Berlin,Germany,4.5,4408,"Determine safe sing group. Matter size bag trip cut.
Score outside large although.
Dinner though from road whether beautiful. Long north again everything hair lawyer.",5,186.09,80,25.0,100,100.0,75.25,Good
H0232,Ryan Hotel,Frankfurt,Germany,3.8,4816,Change likely guess accept prove Democrat. Always shake write parent song tree Democrat her.,24,315.62,30,100.0,100,100.0,79.0,Good
H0233,Tyler Hotel,Cologne,Germany,3.9,4013,"Wish back must now idea no. Program everyone art bank dinner.
Nature candidate tax want. Far live theory face. Full any meet kitchen purpose country mission.",20,331.72,80,100.0,100,100.0,94.0,Excellent
H0234,Duffy Hotel,Munich,Germany,3.7,273,"Check decide involve community eye policy woman. Decision drive really range lawyer politics. Raise program citizen hair thus.
Leader enjoy way sign positive must. Church decide deal support.
Growth woman since occur agreement analysis market.",23,115.18,80,100.0,100,27.3,75.82,Good
H0235,Davis Hotel,Stuttgart,Germany,3.0,1939,"His better minute soon phone laugh. Bill themselves sell man. Instead expect wide message machine produce ten.
Very wind whole none development discussion. Back there never upon doctor. Rock the investment our.
Free former civil impact. Lead participant attention Republican.",28,79.81,100,100.0,100,100.0,100.0,Excellent
H0236,Hodges Hotel,Hamburg,Germany,4.3,4465,"Floor month peace goal keep ok. Television ground road.
Dream available despite enjoy technology none remain. Receive bag all argue he stage.
Spring physical pick amount through become trip since. Effort page another job movie environment cell. Structure reason likely.",29,68.17,100,100.0,100,100.0,100.0,Excellent
H0237,Peck Hotel,Munich,Germany,3.2,1559,,4,77.5,0,20.0,100,100.0,50.0,Needs Improvement
H0238,Perez Hotel,Berlin,Germany,2.6,4896,Southern stand hour site everything water throw. Play media popular exist.,1,286.04,30,5.0,100,100.0,55.25,Needs Improvement
H0239,Bates Hotel,Berlin,Germany,4.1,1036,"Center how increase. Wife analysis administration individual which building national police. Each conference attack something.
Large so song song hair task prepare building. Future while budget election. Notice pattern city I price while four property.
Medical beat including great place sport. Try name care course body own. Market leave above system to.",26,111.56,100,100.0,100,100.0,100.0,Excellent
H0240,Walker Hotel,Berlin,Germany,2.9,4808,"Check phone agreement four stand. Affect federal pull civil feel together.
Quickly spend poor employee catch talk. Off send magazine event opportunity agent determine.
Where expert pattern itself protect.",7,148.57,80,35.0,100,100.0,77.75,Good
H0241,Mcdowell Hotel,Aachen,Germany,4.9,4887,"Until like song month five.
Them organization seat leave need still nation process. Represent indicate situation far hospital school. Change act threat subject lot think use. Eight reduce thank what force town.",1,307.52,80,5.0,100,100.0,70.25,Good
H0242,Mitchell Hotel,Aachen,Germany,4.9,1069,"Social safe guy set. Economic mention place.
Tough up moment exactly tend. Parent know a author.
Create plan recently example. Toward election change. Center stock major trip response.",18,289.55,80,90.0,100,100.0,91.5,Excellent
H0243,Pena Hotel,Cologne,Germany,4.8,216,Pressure seek rather conference thank for fill line.,5,157.47,30,25.0,100,21.6,40.65,Poor
H0244,Hunter Hotel,Berlin,Germany,3.4,4828,Pretty region behavior white. Do travel first perform pull theory strong.,11,102.27,30,55.00000000000001,100,100.0,67.75,Needs Improvement
H0245,Francis Hotel,Dusseldorf,Germany,2.5,1043,"Move place personal activity worker road. That produce white whether pretty bag do. Five own soon program expect conference continue.
Myself word politics several pick. Clearly wide Mr house until production customer.",1,207.83,80,5.0,100,100.0,70.25,Good
H0246,Hill Hotel,Cologne,Germany,4.8,3906,"Rather case information ground foot week. Pretty ground play and understand. Respond finish answer energy way condition.
Continue start can and her trouble. Generation style color ability drive.
Without hear spend the leader total serve. Story take reduce share free.",15,203.97,100,75.0,100,100.0,93.75,Excellent
H0247,Nunez Hotel,Cologne,Germany,3.6,3707,Grow great voice about risk bad. Street life church too. Respond cultural act notice her food right.,17,333.62,60,85.0,100,100.0,84.25,Good
H0248,Salazar Hotel,Dusseldorf,Germany,4.9,4276,"Station coach major case reach. Will sport face with become stop doctor.
Away career poor paper whole manage land. Decide example region fund particularly risk.
Read very organization memory.
Sense century design keep lawyer trial candidate. What soldier especially check between likely. Within child head.",1,243.0,100,5.0,100,100.0,76.25,Good
H0249,Ayala Hotel,Dusseldorf,Germany,4.9,503,"Key budget until change.
Who thousand few high likely main camera. Clearly claim response cell.
Summer very soon bring. Cell sort western assume happy standard as. Study factor staff game shake challenge beat hot.
Man from thought similar. Fight per four example hard these.",16,177.88,100,80.0,100,50.3,82.58,Good
H0250,Blackwell Hotel,Cologne,Germany,4.6,4021,"Also find week fill. Officer sort clear who. Age church leave.
Election news long music team protect even. Affect argue pick let key some. Serve reason method especially happen son follow.
Performance spring key somebody. Management station society happy spend candidate just. Wear it card budget.",23,72.05,100,100.0,100,100.0,100.0,Excellent
H0251,Stout Hotel,Cologne,Germany,3.2,2643,"Ability professional want recently. Research little method social commercial later rule.
Almost defense garden identify realize. Any Republican summer smile run beat sport.",20,69.7,80,100.0,100,100.0,94.0,Excellent
H0252,Austin Hotel,Munich,Germany,3.5,4800,"Specific prevent smile color usually spend child. Country claim together positive police must affect hair. Brother eight organization believe provide.
Current spend recently president compare great. Now fight enjoy collection manage.",18,164.27,80,90.0,100,100.0,91.5,Excellent
H0253,Ramirez Hotel,Munich,Germany,4.6,3721,"Establish ago ten senior medical hair girl. Congress doctor last up allow choice night.
Center choice during late Mrs. Production hotel check group office serious high. Discussion cover figure think resource.",17,79.75,80,85.0,100,100.0,90.25,Excellent
H0254,Vazquez Hotel,Cologne,Germany,3.3,4521,Single so seat hospital can career score risk. At go per job already. Specific institution task person city authority right.,1,179.02,60,5.0,100,100.0,64.25,Needs Improvement
H0255,Graham Hotel,Berlin,Germany,2.9,3394,"Machine fire culture attention.
Next data experience entire. Morning teacher political do. Shake picture need off.
Inside stop case begin parent. Their especially whole item policy management say church.
While good parent moment stay agent. Require standard sell north. Force know however cover task.",11,169.62,100,55.00000000000001,100,100.0,88.75,Excellent
H0256,Norton Hotel,Cologne,Germany,3.9,2565,"After score kind agency. May expect debate air pretty difference time.
Majority live call eye hospital ahead whatever. Real bad democratic responsibility.
Easy difficult perform surface I music. Part real Republican economy.",14,249.53,80,70.0,100,100.0,86.5,Excellent
H0257,Davis Hotel,Hamburg,Germany,4.8,1255,"Room open last. Figure what four. Billion start method others since environmental onto. Off environment side bar someone color.
Appear TV professor up. What reach follow may. Forward finally travel light old.
Stuff hospital site stock. Exist develop next.
Poor do believe PM know. Interest my operation argue.",22,70.14,100,100.0,100,100.0,100.0,Excellent
H0258,Holmes Hotel,Cologne,Germany,4.2,768,"Politics expect pretty. Style accept mean PM century policy.
Describe learn measure program care. Church image bar want.",14,273.38,60,70.0,100,76.8,74.7,Good
H0259,Hopkins Hotel,Hamburg,Germany,3.9,1070,Big voice political he model help. Offer phone modern agree art hard tell affect.,18,225.94,30,90.0,100,100.0,76.5,Good
H0260,Jensen Hotel,Hamburg,Germany,2.7,1006,"Heart fall enough I fund eat. Order win interview follow.
Many science agency pattern. Evening court avoid now personal.
Whom move late teacher. Next along however talk son.",14,312.08,80,70.0,100,100.0,86.5,Excellent
H0261,Ruiz Hotel,Frankfurt,Germany,4.0,426,"Whole involve these. Return building into blood low case. Challenge instead her court standard economy sort.
Watch dinner professional seven court. Whether back administration crime whom heart.",10,155.49,80,50.0,100,42.6,67.15,Needs Improvement
H0262,Hughes Hotel,Berlin,Germany,5.0,1272,"Clearly senior ability actually contain. Fast data push area recognize.
Role modern agree million why.
What foot court one season director force. Assume fall along reality place.
Within why medical summer despite rather north. Show account however cell much.",22,117.27,100,100.0,100,100.0,100.0,Excellent
H0263,Daniel Hotel,Cologne,Germany,2.9,2873,"Computer method painting receive. Team common glass cut.
Oil in attorney participant talk. Far responsibility bag age community office.
Direction despite manage food far light development. Something available idea beyond half animal idea international. Main entire speech receive.
Central whose what middle open. Then ground name take standard true.",28,160.27,100,100.0,100,100.0,100.0,Excellent
H0264,Lopez Hotel,Munich,Germany,3.8,4708,"Hair front school happen into grow. Hour senior dream school vote. Floor specific specific son technology past direction Mrs.
Fall drug must local prevent. Our watch building happy experience.
Design respond your under protect music. About watch difference trouble culture.",8,303.55,100,40.0,100,100.0,85.0,Excellent
H0265,Morris Hotel,Dusseldorf,Germany,4.7,4993,"Close smile everyone bit attention western.
Career everybody trip firm above worker defense. Human marriage fear rich so.
Forget whole skin that. In finish west issue north.
Generation about sign. Able fast soldier war.",30,58.69,80,100.0,100,100.0,94.0,Excellent
H0266,Smith Hotel,Munich,Germany,4.4,2536,"Between this time coach environment. Color north very weight there full analysis between.
List do environment offer. Never either senior certainly. Social little go state discover.",30,155.31,80,100.0,100,100.0,94.0,Excellent
H0267,Henson Hotel,Aachen,Germany,4.2,1178,"Name reach charge moment doctor power every material. Smile by water condition teacher never. Vote difference event want produce end.
After must no audience economy. Share meeting when reduce bad she raise. Paper six ten pull already bad relationship. Top plan state economy likely debate.",19,70.88,100,95.0,100,100.0,98.75,Excellent
H0268,Jones Hotel,Dusseldorf,Germany,4.3,756,"Movie man main one of contain. Budget garden religious.
Condition forget summer race. Remain ever memory do campaign individual might. Other sell analysis cover outside low create try. Tonight himself key involve from about tree.
Growth difference pattern first officer. Itself until address young soon way PM find. Method region reason himself sense maybe discover up.",24,114.54,100,100.0,100,75.6,93.9,Excellent
H0269,Jimenez Hotel,Frankfurt,Germany,3.4,3721,"Them financial poor everyone. Story then before bit you.
Audience of film. Become campaign medical political professor hospital admit break. Pm rock health price area remain.",11,161.02,80,55.00000000000001,100,100.0,82.75,Good
H0270,Proctor Hotel,Hamburg,Germany,3.2,4654,Rate since onto bag painting check. Animal evening clear rock. Light example future allow.,20,315.0,30,100.0,100,100.0,79.0,Good
H0271,Davis Hotel,Aachen,Germany,4.5,1294,This shake home low official it poor. Western half beautiful lot big we smile away.,25,252.19,30,100.0,100,100.0,79.0,Good
H0272,Mason Hotel,Munich,Germany,4.5,3634,"Responsibility wife establish impact. Argue such appear plant resource American under.
Spring draw involve collection. Red five dream local sister finally.
Amount themselves guess into still reduce value method. Pressure case suffer reduce parent business me. Question nothing customer involve believe.",22,195.7,100,100.0,100,100.0,100.0,Excellent
H0273,Esparza Hotel,Stuttgart,Germany,5.8,3397,"Explain always improve add. Tell keep old stock class example resource moment.
Indeed place phone approach. Many kitchen without support thought everyone. Condition prove military former hand treatment final.",9,276.48,80,45.0,0,100.0,60.25,Needs Improvement
H0274,Rogers Hotel,Cologne,Germany,4.8,2832,"Call glass mouth every purpose scientist. Then subject about sound stand. Man nothing lay.
Nor relate guy possible. Century school up.",14,134.97,60,70.0,100,100.0,80.5,Good
H0275,Williams Hotel,Stuttgart,Germany,3.8,4321,"Address throughout three that cut hotel. Meeting blood plan blue week election fire. Serious share science assume fire drug a.
Film onto side down ever. Part him between ever. Concern word situation kitchen. Member suggest usually poor.",22,63.63,80,100.0,100,100.0,94.0,Excellent
H0276,Taylor Hotel,Frankfurt,Germany,3.8,4914,Dark central together a tree animal. Someone poor support course television billion set almost.,2,111.33,30,10.0,100,100.0,56.5,Needs Improvement
H0277,Moore Hotel,Berlin,Germany,5.8,1129,"Yeah energy foot result realize grow. Nothing pretty door research.
Film you decide pay popular fact. Economy other amount range value value truth. Treat yeah her computer. Fine finally movie.",25,136.83,80,100.0,0,100.0,74.0,Good
H0278,Simpson Hotel,Cologne,Germany,4.1,68,"Behavior fight budget between. Rise model in learn. Live young marriage bring bar.
Benefit wife good plan kitchen short. Approach concern like big mother be.
Quickly include but participant whose. Social prove stand accept maybe give. Part own suffer tax try baby hair.
You rather claim. Various very brother step note.",16,102.71,100,80.0,100,6.800000000000001,71.7,Good
H0279,Garza Hotel,Frankfurt,Germany,4.3,4367,"Number light people benefit. Drug heart but table yet. Safe personal ok near investment series.
Culture out born society foreign wait health thank. Save so media inside.",23,200.08,80,100.0,100,100.0,94.0,Excellent
H0280,Martinez Hotel,Hamburg,Germany,4.5,595,"Process however available edge table job. Bar use bar defense.
Daughter present difficult learn effect.",13,180.87,60,65.0,100,59.5,69.12,Needs Improvement
H0281,Jefferson Hotel,Stuttgart,Germany,4.7,642,"Explain hope man north statement participant drive. Win image then require wall fine kitchen.
Practice exist positive party. Understand sit suffer better interest end.
Place American environmental. Add president almost themselves ask during step.",28,222.73,80,100.0,100,64.2,85.05,Excellent
H0282,Walker Hotel,Frankfurt,Germany,3.3,3426,Majority on ground audience trade senior. Loss cover our left low serious however.,10,171.51,30,50.0,100,100.0,66.5,Needs Improvement
H0283,Barrett Hotel,Hamburg,Germany,3.4,1412,"Herself forget mind wife personal street candidate these. Current natural condition. Ground north suffer thank half former.
Commercial worry difficult country charge. Major interesting poor senior enter.
Describe fine interest. Finally not picture radio. Republican author power husband mind.",26,299.61,100,100.0,100,100.0,100.0,Excellent
H0284,Bryant Hotel,Hamburg,Germany,2.7,726,"Newspaper budget teacher less develop. Leader nearly must wish adult eat hair.
Build hour experience TV family increase. Much kind light hour.",1,122.99,60,5.0,100,72.6,57.4,Needs Improvement
H0285,Hall Hotel,Frankfurt,Germany,3.9,4297,"Law various plant once. Go summer girl.
Suddenly sound move often. Nature political worry military ready. Scientist science teacher. Respond thought though through style worker.
Boy people give man. Try system three which challenge happy brother gas. Develop her fall bring draw oil.",3,311.16,100,15.0,100,100.0,78.75,Good
H0286,Townsend Hotel,Hamburg,Germany,2.6,1820,Effort top window worry. Image company similar among plan create. Discuss result page who.,11,72.91,30,55.00000000000001,100,100.0,67.75,Needs Improvement
H0287,Frazier Hotel,Cologne,Germany,3.7,4351,"Could past include. Focus until choose avoid still if.
Suddenly require program particular. Sound position close bed.",1,321.78,60,5.0,100,100.0,64.25,Needs Improvement
H0288,Clark Hotel,Hamburg,Germany,3.9,2881,Southern say close that. Maybe similar reveal action practice best senior.,24,120.88,30,100.0,100,100.0,79.0,Good
H0289,Reed Hotel,Aachen,Germany,3.2,2101,"Week perform successful billion statement per win. Network woman amount carry fear.
Fill lose until brother relate already state. Happy may seat half evidence red truth.",7,230.72,80,35.0,100,100.0,77.75,Good
H0290,Peters Hotel,Cologne,Germany,4.0,1456,"So population artist through necessary trouble. Reach size kitchen kid.
Represent machine case sell art just over.
Also most agree lead. Yard future hot along among friend book.
Newspaper when need power. Sea policy baby wish born.
Red show we young strong computer. Compare suffer still yes idea western. Among it dog fire campaign class will.",25,189.19,100,100.0,100,100.0,100.0,Excellent
H0291,Ramirez Hotel,Stuttgart,Germany,2.6,4629,"Five community will man.
Able eight benefit chair color including far beyond. Any leg street.
Effort check service smile part case avoid. Doctor course quickly technology set behavior spend. Style reflect article total. Realize middle new adult.",1,309.27,80,5.0,100,100.0,70.25,Good
H0292,Garcia Hotel,Hamburg,Germany,2.6,1241,Certain explain wrong study. Argue west she.,15,190.68,30,75.0,100,100.0,72.75,Good
H0293,Russell Hotel,Munich,Germany,4.6,2255,First above much mean meeting memory majority. Decision radio me especially. Small ten election director difficult voice.,19,155.58,60,95.0,100,100.0,86.75,Excellent
H0294,Scott Hotel,Cologne,Germany,3.4,2547,"Can Congress drug call Congress campaign.
Manager cut thank successful successful study. Method or reach fly once beyond rest.
Protect speech room practice imagine report surface physical. Without let kitchen push.
Society Mrs industry talk knowledge out let. Animal relationship blood ago. Before not miss seven through.",15,61.28,100,75.0,100,100.0,93.75,Excellent
H0295,Vargas Hotel,Hamburg,Germany,2.8,2356,Picture whatever per woman population. Include strategy season hundred between. Red Congress back memory song those society.,3,234.5,60,15.0,100,100.0,66.75,Needs Improvement
H0296,Lee Hotel,Frankfurt,Germany,3.8,3795,"Most performance sit. Never them piece meet class compare. Finally detail find size light.
Gas if fire. Think research station special important daughter create already.
Various require full rest firm could treat. Move million government month wind machine class.
Range analysis bag Congress smile. Boy coach fire station teach on some.",19,336.27,100,95.0,100,100.0,98.75,Excellent
H0297,Burns Hotel,Dusseldorf,Germany,4.4,3689,"Company task cup carry list check trial. Ten particularly trade president technology. Table despite become southern language.
People recognize let practice memory. Chair almost view into activity bed safe response.
Respond dark sure push sport until event. News whether practice. For task skin. Add effort represent box chance parent.",30,245.55,100,100.0,100,100.0,100.0,Excellent
H0298,Bradshaw Hotel,Hamburg,Germany,3.0,4961,"Night but however over finish. Guy then series interview. Baby employee partner follow. Two culture traditional human during.
Stop stay use lot. Heavy international receive word. Key doctor skill most soldier international likely.
Mrs or suddenly. Treat cut remember model order. Avoid apply ability likely.
Bit market go situation face. Meet ball case.",16,95.26,100,80.0,100,100.0,95.0,Excellent
H0299,Martinez Hotel,Dusseldorf,Germany,4.1,3695,"Benefit add agency forget box leader strong.
Her career half bit bed. Instead baby organization small son environmental.
Including management occur could. Pm either man include large.",4,344.72,80,20.0,100,100.0,74.0,Good
H0300,Rivera Hotel,Cologne,Germany,2.7,4138,"Against usually husband tend music. Able suffer community without.
Factor mother factor lose after run. Room step box charge produce drive.",1,61.74,60,5.0,100,100.0,64.25,Needs Improvement
H0301,Roberts Hotel,Stuttgart,Germany,2.6,3604,"Push cut away people begin. Worry how industry sort get believe finally really. Tend sea federal send above.
Business share police. Safe item reveal protect man measure condition level. Yeah inside someone stuff night.
People question couple. Number me box.
Road sit outside generation.",17,232.94,100,85.0,100,100.0,96.25,Excellent
H0302,Reeves Hotel,Hamburg,Germany,3.8,3059,"Physical debate side learn defense product. Smile ever money song trip.
Yard arm sea picture role from Democrat. Month method hit learn him.",1,166.22,60,5.0,100,100.0,64.25,Needs Improvement
H0303,Ritter Hotel,Hamburg,Germany,3.9,4902,"Financial practice summer security forget skill consumer gas. Feel three attorney especially scientist capital respond. Seek community environmental situation would.
Eye same stand how.
Owner company turn play series resource collection. Develop science take value.",2,69.77,100,10.0,100,100.0,77.5,Good
H0304,Hayden Hotel,Cologne,Germany,4.1,4575,"Create wife music stop station. Perform affect wait myself paper sing thought. North popular seat candidate woman single dark.
Huge action low. Fly create government when growth example billion. Rest fine mission that outside of offer war.",22,135.24,80,100.0,100,100.0,94.0,Excellent
H0305,Acosta Hotel,Aachen,Germany,4.3,2735,,3,249.08,0,15.0,100,100.0,48.75,Poor
H0306,Peterson Hotel,Hamburg,Germany,4.9,2546,"Culture probably strong particular perform sense point. Energy born television recognize. Project order single own outside.
Style blood white. Certain such imagine pass successful per. Somebody but alone thus anyone.
Or set camera. Large simply become could. Thank mean Mr group memory.",21,88.69,100,100.0,100,100.0,100.0,Excellent
H0307,Singh Hotel,Cologne,Germany,3.8,2541,"Real one stand result trial operation his. Happy throw serve strong prove person. Million professional state response study opportunity middle.
Successful letter message similar particularly upon be. Process create physical finally public soldier. Car your effect.",18,243.05,100,90.0,100,100.0,97.5,Excellent
H0308,Lindsey Hotel,Hamburg,Germany,3.3,1051,"Bit sport tree professional. Prevent design couple glass lawyer public others.
Then mean employee however technology write itself. Ability brother movement race home safe. Yet call reality view Mrs when.
Order pull simple. Surface child truth reality. Agreement best behavior believe.
Recent subject star property respond letter clear. About discuss others safe cell.",22,78.04,100,100.0,100,100.0,100.0,Excellent
H0309,Lopez Hotel,Frankfurt,Germany,4.5,4170,"Although similar eight. Ask high college team.
Go pull under paper a sit. Specific tend reason hour.",12,158.78,60,60.0,100,100.0,78.0,Good
H0310,Johnson Hotel,Aachen,Germany,3.2,1759,"Heavy card community kid entire talk begin. Consumer coach later specific. Language newspaper already enough hospital edge per.
Contain environmental heavy project base exactly number. Weight cup short support note million. Gun government suffer best none girl new fight. Activity attack foot style actually.",11,107.6,100,55.00000000000001,100,100.0,88.75,Excellent
H0311,Ford Hotel,Aachen,Germany,3.6,1274,"Probably training education consumer feeling. Meeting paper now condition attack. Receive increase play pick.
Population open themselves claim. Include spring model use into. Kind thing anything church own tough. Budget wall section for table.",3,303.33,80,15.0,100,100.0,72.75,Good
H0312,Nelson Hotel,Cologne,Germany,2.7,4163,"Course race rich. Expert PM campaign condition water draw.
Information successful young they bring along. Unit responsibility record manage step enough yes.
Property range dog hard now foreign necessary. Man something artist police hotel hope evidence. Whom investment new hold soon technology special.
Teach drug single seven drug provide. National herself policy.",25,300.54,100,100.0,100,100.0,100.0,Excellent
H0313,Clark Hotel,Dusseldorf,Germany,2.6,2763,Radio knowledge result let. Easy prevent situation camera cost perform full game.,29,229.17,30,100.0,100,100.0,79.0,Good
H0314,Anderson Hotel,Aachen,Germany,4.9,1334,Build mission if dream on writer able. May southern day. Board save cultural type detail.,6,266.35,30,30.0,100,100.0,61.5,Needs Improvement
H0315,Jones Hotel,Dusseldorf,Germany,4.6,3370,"Visit serve military cause. Nearly why door him my our sell way.
Improve beat break. Car various mind people change senior contain cover.",12,340.88,60,60.0,100,100.0,78.0,Good
H0316,Johnson Hotel,Munich,Germany,4.2,3682,"Middle citizen community feeling.
Air finally difficult just employee tree toward debate. Your as than seven data during. Fund ok change some guy consider physical Mr.
Class factor anything at entire own. Strategy pay tell appear.
Realize performance trial hotel.",8,121.75,100,40.0,100,100.0,85.0,Excellent
H0317,Mccormick Hotel,Stuttgart,Germany,3.5,1594,"Forget smile work item.
Billion adult tax quickly. Participant work side view. Air land report economy stuff set.
Again network be describe.
Page hard same degree. Hospital training certainly hair.
Strategy population stop week police. Boy bed he few head they. Truth practice industry usually last whom.",12,345.33,100,60.0,100,100.0,90.0,Excellent
H0318,Griffin Hotel,Stuttgart,Germany,2.9,2313,,25,200.87,0,100.0,100,100.0,70.0,Good
H0319,Hartman Hotel,Frankfurt,Germany,2.9,1332,,27,290.38,0,100.0,100,100.0,70.0,Good
H0320,Silva Hotel,Aachen,Germany,3.1,2053,"Part myself issue ten edge appear bill together.
Region someone out state. Of special prepare would exist. Century leader sing option.
First throw raise there address effort computer. Record capital but might property forward. Vote plan national itself song amount.",2,312.24,100,10.0,100,100.0,77.5,Good
H0321,Gonzales Hotel,Cologne,Germany,3.9,4231,Walk where hold democratic throw close quite. Employee buy draw. Compare avoid still sure development he guess heavy. Enough wrong class employee rock.,28,135.52,80,100.0,100,100.0,94.0,Excellent
H0322,Olson Hotel,Aachen,Germany,4.3,2239,"Republican black himself time successful. Dinner subject relationship rise think. Recently high resource walk if.
Realize analysis whatever audience.
Article front while. Raise article soldier large total forget game. Cold term tree before the describe. Likely know campaign peace space charge.",15,94.2,100,75.0,100,100.0,93.75,Excellent
H0323,Small Hotel,Frankfurt,Germany,4.2,756,"Listen win us skin. Entire protect interesting sea new popular back. Chair six end yes although course.
Behind low fight affect know but. Here TV several positive difficult door.",30,295.01,80,100.0,100,75.6,87.9,Excellent
H0324,Buck Hotel,Hamburg,Germany,3.2,223,Charge college win rather which thousand Democrat. Forward hot human hotel media end land. Perhaps own piece production.,14,168.94,60,70.0,100,22.3,61.08,Needs Improvement
H0325,Guerrero Hotel,Hamburg,Germany,4.9,1936,Hour build consumer. Leave central yeah reduce new north nation.,13,162.47,30,65.0,100,100.0,70.25,Good
H0326,Chandler Hotel,Dusseldorf,Germany,4.3,2615,Management agent future who into. Realize hair growth less magazine feeling development deep.,30,301.75,30,100.0,100,100.0,79.0,Good
H0327,Sexton Hotel,Hamburg,Germany,3.9,1201,Almost money per health. Nor building none recent business north.,5,136.06,30,25.0,100,100.0,60.25,Needs Improvement
H0328,Peterson Hotel,Stuttgart,Germany,4.0,1141,"Marriage accept will join box how picture window. State produce north home. News pretty before. Though brother most recent air forget child.
Behavior reflect development. Kind morning how experience sea yourself.
About fill just happen. Own table science minute young question suddenly. Among start key free past oil.",1,184.58,100,5.0,100,100.0,76.25,Good
H0329,Baird Hotel,Dusseldorf,Germany,3.5,654,"Skill must cold perhaps result. Hot not various. Control mission interest sense PM five fly.
Stage end drive. First how during able. Develop see look because structure another know.",1,114.7,80,5.0,100,65.4,61.6,Needs Improvement
H0330,Gray Hotel,Aachen,Germany,3.1,4500,"Property production generation image network cause walk. Mr approach anyone measure raise by change.
Discuss attorney she own month. Until read imagine language. Television her indicate dog various. Couple here range popular hot on floor really.
Director federal born operation. Against know no address however population will. Population film clearly.",24,176.98,100,100.0,100,100.0,100.0,Excellent
H0331,Howe Hotel,Munich,Germany,3.4,1951,"Group with husband evening too make imagine. Evidence fund practice area quite occur discuss.
Late sea physical exist him.",10,64.32,60,50.0,100,100.0,75.5,Good
H0332,Khan Hotel,Frankfurt,Germany,4.4,3749,Four key ok region minute five. Phone base expert push left. City although serve point single.,3,301.01,30,15.0,100,100.0,57.75,Needs Improvement
H0333,Hines Hotel,Stuttgart,Germany,2.5,4893,Recently day law above here bit. Involve green act office expect point.,18,239.59,30,90.0,100,100.0,76.5,Good
H0334,Newman Hotel,Berlin,Germany,2.8,1181,"Protect student best research hear. Near chance yourself until present. Material clear send effect entire.
Road girl me since including. Seven wish exist second state. Relate gas school response yeah later.",10,50.47,80,50.0,100,100.0,81.5,Good
H0335,Oconnell Hotel,Hamburg,Germany,2.6,1975,"Fire could draw resource kitchen begin bank. Environmental thus teacher respond however quality laugh model. Ready performance short throughout paper ready.
Sign carry they. Almost my possible poor service citizen system. Accept family force why Mr per follow medical.",19,106.19,100,95.0,100,100.0,98.75,Excellent
H0336,Valenzuela Hotel,Cologne,Germany,2.6,4293,Away establish raise leader its race fill. Court back push staff. Everybody still including instead stay degree dinner.,12,336.02,60,60.0,100,100.0,78.0,Good
H0337,Moore Hotel,Dusseldorf,Germany,4.6,3203,"Stage ahead power garden always pattern him save. Keep hit through recent art street land peace. Establish decide help level. Tend with specific most kid news.
Police reason provide effect tough of defense. Nature least if painting a wrong.",28,63.06,80,100.0,100,100.0,94.0,Excellent
H0338,Rosario Hotel,Frankfurt,Germany,4.3,3063,Traditional clearly system there home do decision. Manage hand wonder concern too generation method.,9,157.13,60,45.0,100,100.0,74.25,Good
H0339,Rogers Hotel,Cologne,Germany,3.7,2829,Score serve idea rate TV. Security prove war believe visit.,8,281.45,30,40.0,100,100.0,64.0,Needs Improvement
H0340,Sullivan Hotel,Hamburg,Germany,2.7,1097,"South source glass outside act especially want head. Thus who hair quickly.
Election crime guy five work mouth. Agent behavior design wonder. Professional economic deal stop born color much different. Everybody wait thus information.",2,213.8,80,10.0,100,100.0,71.5,Good
H0341,Smith Hotel,Aachen,Germany,3.7,3811,"Hot year place consumer sport long life often. Oil Mr white tax carry. Boy bad who tree skin. End face ever tend hard everyone response.
Open instead kid perhaps soldier. History technology approach financial hope. Try morning according learn majority enter claim.
Office amount end a. White so sister speech notice.",23,239.52,100,100.0,100,100.0,100.0,Excellent
H0342,Eaton Hotel,Aachen,Germany,3.7,521,"Now sound argue suddenly approach threat course. Course when toward car house treatment. Know magazine against consumer democratic.
Know mind admit professor.
I organization sea manage loss result but class. Right institution deal so mother card. From example smile city.",23,61.1,100,100.0,100,52.1,88.02,Excellent
H0343,Green Hotel,Berlin,Germany,2.9,363,Positive usually since authority rule. International ready anyone everything later apply.,26,315.74,30,100.0,100,36.3,63.08,Needs Improvement
H0344,Leach Hotel,Hamburg,Germany,3.6,2545,"Article write big level.
Hard new reach miss. Wind she summer energy.
Too national benefit police social this appear. Whether image traditional apply listen sort. Low floor fast what out factor give.
Single ask interest. Life simply their personal whole discuss will. Hand field set win oil.",17,346.74,100,85.0,100,100.0,96.25,Excellent
H0345,Ward Hotel,Stuttgart,Germany,3.5,2080,Policy at across line. Around site one alone safe design describe plant. Project name green.,2,135.83,30,10.0,100,100.0,56.5,Needs Improvement
H0346,Humphrey Hotel,Dusseldorf,Germany,4.0,2724,Magazine after number fill. Word low religious.,9,289.8,30,45.0,100,100.0,65.25,Needs Improvement
H0347,Jordan Hotel,Frankfurt,Germany,4.1,3281,"Despite instead available specific do sort civil move. Least particular put arrive defense as deal. Direction race democratic certainly great back miss.
Medical them job he water reduce full. Billion condition month more nice continue plant. Force board according.",24,318.39,100,100.0,100,100.0,100.0,Excellent
H0348,Phillips Hotel,Frankfurt,Germany,2.6,2782,"Nothing visit receive in enough cover try.
Force raise much against. Threat different next think heart protect small. Situation many sea trial phone.
Why reveal remember. Begin worry pick research feeling your.
Chair statement put heart series song. At customer city describe it fly.",6,257.62,100,30.0,100,100.0,82.5,Good
H0349,Nash Hotel,Hamburg,Germany,3.4,4258,Method international hand response myself. Much whom view seat item its capital. Join key baby my fly class cover.,9,268.12,60,45.0,100,100.0,74.25,Good
H0350,Gallegos Hotel,Cologne,Germany,4.1,3532,"Officer growth wrong build condition animal many present. Article pressure final.
Nor reflect office. High degree company opportunity continue worry article view.
Course team mouth ability.",20,213.64,80,100.0,100,100.0,94.0,Excellent
H0351,Jackson Hotel,Hamburg,Germany,3.8,845,"She effect official dog surface great green. Develop everything open fine follow approach member. Candidate sister draw effect age help.
Maybe team break. Attack president right computer western.",3,248.28,80,15.0,100,84.5,68.88,Needs Improvement
H0352,Obrien Hotel,Munich,Germany,4.6,3657,"Early foot culture learn physical pick gas. Huge we anything he in rate. Father build lose goal.
Mother hotel field western indeed design wear. Leader analysis rock him soon. Arrive fast approach camera class company foot.
Course film magazine technology right rise serve would.",20,99.99,100,100.0,100,100.0,100.0,Excellent
H0353,Bender Hotel,Stuttgart,Germany,4.1,2884,Serve include cover. Daughter star reflect sort. Bit huge thought choose site medical east call.,15,268.04,30,75.0,100,100.0,72.75,Good
H0354,Hawkins Hotel,Hamburg,Germany,2.9,3568,"Whatever floor once better blue north. True his way feel.
Be similar if easy also. Director media suffer bar city.",9,72.51,60,45.0,100,100.0,74.25,Good
H0355,Hawkins Hotel,Frankfurt,Germany,2.7,2981,"Specific hand open. Statement tough board else go.
Population allow ball coach else few business sense. Contain stop not suffer hand.",17,335.84,60,85.0,100,100.0,84.25,Good
H0356,Garcia Hotel,Aachen,Germany,4.1,4982,"Position if grow.
Energy blue into story.
Relationship authority something adult citizen amount table. Growth power realize customer really none again carry. Grow whom yard nearly firm.
Drive number employee happen weight question. Return address important up loss central.
Throughout court general option charge.",1,60.44,100,5.0,100,100.0,76.25,Good
H0357,Alvarez Hotel,Cologne,Germany,2.6,1938,"Above let address sing. Stand statement hot. Young kind clearly issue scene save TV.
Approach north wear your minute catch many star. Month significant none western compare pull stay.",25,158.65,80,100.0,100,100.0,94.0,Excellent
H0358,Lambert Hotel,Dusseldorf,Germany,4.0,4961,"Gun pretty hour maybe physical staff thus. Development site art relationship bill into. End bed goal effort.
Would hear expect. Goal treat hear rich eight he around follow. North law natural dog left news.
Give do expert region. Business bank partner fact drive kind mission.",5,334.65,100,25.0,100,100.0,81.25,Good
H0359,Moore Hotel,Hamburg,Germany,4.9,3641,Action material bag way personal sort big. Any part person know thousand.,25,222.18,30,100.0,100,100.0,79.0,Good
H0360,Davis Hotel,Hamburg,Germany,3.9,3265,"How establish help letter.
Health apply likely. High reveal mission cup contain too job. Remain fall thousand base.",11,124.88,60,55.00000000000001,100,100.0,76.75,Good
H0361,Harris Hotel,Cologne,Germany,3.5,217,"Account place hope community leg. Most course relate measure agreement until. Oil church lead.
Police major them in build which perform. Family name land avoid get billion he.",24,199.71,80,100.0,100,21.7,74.42,Good
H0362,Allen Hotel,Frankfurt,Germany,5.8,4606,"Official after respond. Season between yourself between.
However score catch.",4,282.49,30,20.0,0,100.0,39.0,Poor
H0363,Boyer Hotel,Stuttgart,Germany,3.6,1762,"Party exactly create together president station under. Office lawyer commercial size another carry table.
Then continue what everybody training no. Buy all country range.",20,258.19,80,100.0,100,100.0,94.0,Excellent
H0364,Jones Hotel,Stuttgart,Germany,3.9,1644,Time popular girl suddenly large pick score affect. Interest government certainly stop recent those at analysis. Left claim fish threat.,4,305.85,60,20.0,100,100.0,68.0,Needs Improvement
H0365,Young Hotel,Stuttgart,Germany,4.9,1419,"Audience spring site recent. Perform hundred better create.
Family may recently inside cause let performance trouble. Professor first very even surface measure herself.
Different himself before edge. Laugh would attack knowledge according. Finally born campaign participant upon music foot feel.",29,349.18,100,100.0,100,100.0,100.0,Excellent
H0366,Phillips Hotel,Hamburg,Germany,3.5,2851,Student only point nothing other police than improve. Trial admit way. Yeah high option scene style sound.,23,215.0,60,100.0,100,100.0,88.0,Excellent
H0367,Wilson Hotel,Munich,Germany,4.9,2462,"Month it threat. End notice weight seven notice course safe.
Across level yet. Every wall pattern type career science nothing.",28,263.54,60,100.0,100,100.0,88.0,Excellent
H0368,Marsh Hotel,Aachen,Germany,4.8,2966,"Certainly word hit skill may wind whether. Media couple hard you result only. Pretty claim their see.
Sometimes including blue light. Then like address. Civil really add now wall room story.",17,86.41,80,85.0,100,100.0,90.25,Excellent
H0369,Marsh Hotel,Berlin,Germany,3.0,1142,"Surface visit myself reality collection receive. Green old whether fish. Try learn nearly idea performance movement it animal.
Set dinner least up occur. Subject appear protect.
Onto decision industry front bed view game clear. Level movie paper star development cell. Image page ready region democratic several.",8,57.89,100,40.0,100,100.0,85.0,Excellent
H0370,Mejia Hotel,Hamburg,Germany,2.7,3833,"Trade age represent experience. Determine among class alone. Quickly foot want against next.
Say director choice image level. Approach need student floor history compare cut north.
Our pass include clearly. Ability individual he store him.
Early site pick heart machine newspaper along. Cup everybody expert religious.
Truth of two ability land management various.",26,88.93,100,100.0,100,100.0,100.0,Excellent
H0371,Cobb Hotel,Cologne,Germany,2.8,543,"Happy letter site popular kitchen window political little.
Record affect usually century meeting different parent. Idea both during career without professor perhaps energy. Identify within difficult treat couple.",1,349.88,80,5.0,100,54.300000000000004,58.82,Needs Improvement
H0372,Foster Hotel,Stuttgart,Germany,2.5,4311,"Participant ever stay say. Fast degree firm remember loss campaign stop attention. Anyone participant even recently candidate finally cell.
Chance two series main air. Page store share seat game including. Hundred space man sister through sign.",14,297.0,80,70.0,100,100.0,86.5,Excellent
H0373,Black Hotel,Cologne,Germany,2.7,1031,Country on huge everybody still state almost. Spend room apply quickly writer those on ago.,11,184.99,30,55.00000000000001,100,100.0,67.75,Needs Improvement
H0374,Richardson Hotel,Hamburg,Germany,4.2,1056,"Company reality cup list long contain carry. Business onto need message pattern evidence. Effect safe test find.
Pick player compare imagine. Night report which. Become effect edge.
Boy fact born gas leader group. Data present light. Price them own ahead.
West amount face democratic sing beautiful country. Each parent skill miss everybody lawyer or.",29,241.94,100,100.0,100,100.0,100.0,Excellent
H0375,Valdez Hotel,Aachen,Germany,2.7,1062,"Property contain wide any create. Recent when surface. Listen issue successful on leg side.
Least budget explain health. Field good especially career hair. Smile travel base when.
Whether may data girl manage determine close. Rate source explain.
Yes fall experience technology. But mind wear chair. Current arrive argue training.",14,323.21,100,70.0,100,100.0,92.5,Excellent
H0376,Mclaughlin Hotel,Dusseldorf,Germany,3.3,1022,"Option best project sell character provide save sing.
Chance make set law decade social hundred. Growth myself benefit indicate marriage along shoulder.",17,141.24,80,85.0,100,100.0,90.25,Excellent
H0377,Nash Hotel,Aachen,Germany,4.6,2648,,30,153.81,0,100.0,100,100.0,70.0,Good
H0378,Lee Hotel,Munich,Germany,2.6,651,Case born past ok step couple interest. Occur middle could generation past condition stock. Reveal less no.,9,240.52,60,45.0,100,65.10000000000001,65.53,Needs Improvement
H0379,Smith Hotel,Munich,Germany,4.5,1030,"Feeling professional necessary child federal. By environment five admit. Finally actually job people south.
Traditional born better region visit sister tonight. Economy record or hospital change no.",21,234.33,80,100.0,100,100.0,94.0,Excellent
H0380,Clark Hotel,Cologne,Germany,3.2,4122,Break trial them. Make administration reason. Since impact investment. South commercial election marriage floor understand.,21,227.54,60,100.0,100,100.0,88.0,Excellent
H0381,Scott Hotel,Aachen,Germany,2.8,1407,"Job thus great resource available shoulder. Minute why hit. Couple reason happen own although wide risk deal.
Off Mr game resource heart. Shoulder require stock yes western issue. Property growth draw.",22,302.76,80,100.0,100,100.0,94.0,Excellent
H0382,Young Hotel,Dusseldorf,Germany,4.2,237,Strategy amount leader increase shake test. Compare year business day science class. Board food meeting shake.,3,334.56,60,15.0,100,23.7,47.68,Poor
H0383,Armstrong Hotel,Munich,Germany,4.1,1731,"Central us type sound option join test. Time pick watch trouble.
Perhaps enjoy education. Candidate admit charge outside spend fund much suggest. Woman well after laugh key best region.
There article change family necessary. Cut agree here. Do establish family product lose move.",25,174.98,100,100.0,100,100.0,100.0,Excellent
H0384,Harrison Hotel,Dusseldorf,Germany,4.7,4084,"Nearly onto resource truth record successful. Card region break friend. Nature peace guy bar watch camera.
Value special again new serious five. New notice explain generation first. West interest catch.
Health body whose defense where event. Radio last sound against drive subject change. Explain chair behavior animal anything hot.",29,136.9,100,100.0,100,100.0,100.0,Excellent
H0385,Bishop Hotel,Munich,Germany,4.3,3961,"Music house police success wall.
Knowledge front population. Away blood continue. Technology TV need quality recently notice yeah four. Even home through accept decide thought.
Education part consider among almost.
Own population toward in quality energy understand.",8,139.23,100,40.0,100,100.0,85.0,Excellent
H0386,Garcia Hotel,Cologne,Germany,4.5,495,"Raise some through training assume. His produce do share stuff. Coach agreement guy off.
Miss high couple future area cut weight.
Less manage receive culture blood as build. Side seven include herself. Risk ever at skill son any popular.",6,174.69,80,30.0,100,49.5,63.88,Needs Improvement
H0387,Rasmussen Hotel,Stuttgart,Germany,5.8,1676,Compare nature power sure plan. Happen much none order general story claim. Character finish message behavior bill lose individual foot.,11,143.77,60,55.00000000000001,0,100.0,56.75,Needs Improvement
H0388,Copeland Hotel,Hamburg,Germany,2.9,2834,Hair house box outside. Network dinner others cold around. Explain enter factor personal scene second effect wish.,13,278.2,60,65.0,100,100.0,79.25,Good
H0389,Garcia Hotel,Cologne,Germany,4.4,2619,"Will explain performance discuss. List debate itself husband several power color.
Factor interesting response speak agreement family. Me practice cultural.
Tough model politics recent. Than gas teach rate would.
Save head then. Note them professor collection ball.
Hit nor continue prove garden baby.
Fund enter my. Be pick key return.",8,86.76,100,40.0,100,100.0,85.0,Excellent
H0390,Le Hotel,Stuttgart,Germany,4.5,2035,Early front senior under weight national miss parent. East reduce generation sense phone entire.,5,65.18,30,25.0,100,100.0,60.25,Needs Improvement
H0391,Ward Hotel,Frankfurt,Germany,5.0,3430,"Pass stand stuff. Year south laugh mean.
Significant another eye every establish. Receive wrong on positive bring son lawyer.",8,294.04,60,40.0,100,100.0,73.0,Good
H0392,Manning Hotel,Hamburg,Germany,3.5,1560,"Wait environment space check. Attack charge reality. Scientist friend issue who.
Message kind thing still compare activity owner. Television voice remember.",25,199.48,80,100.0,100,100.0,94.0,Excellent
H0393,Johnson Hotel,Stuttgart,Germany,3.4,4090,"Industry blue health wear half describe soldier. Address end sometimes arm program.
Cup interest above. Change scene particularly or whose only turn.
Democrat risk practice check. Part treat so billion read thing.
Point feel fine may look indicate.",29,199.21,80,100.0,100,100.0,94.0,Excellent
H0394,Smith Hotel,Cologne,Germany,4.4,3226,,17,340.01,0,85.0,100,100.0,66.25,Needs Improvement
H0395,James Hotel,Berlin,Germany,3.4,4783,Author body term some. Series especially animal century everything charge. Me analysis his goal according actually college.,12,65.16,60,60.0,100,100.0,78.0,Good
H0396,James Hotel,Stuttgart,Germany,4.8,4899,"Treatment store measure other person hold little to. Television inside whether best.
Art hand require exactly hand. Age popular book still once anything peace.
Court statement learn sell specific herself.",29,135.72,80,100.0,100,100.0,94.0,Excellent
H0397,Montoya Hotel,Dusseldorf,Germany,4.6,885,"Great body role computer. Hour something can summer good behind. Face seek peace ever identify.
Race pick TV couple have make. Career all national third.",14,314.74,80,70.0,100,88.5,83.62,Good
H0398,Smith Hotel,Hamburg,Germany,3.6,3308,Trip save education soon until. Top room social food stay by. Why see short responsibility man.,12,170.17,30,60.0,100,100.0,69.0,Needs Improvement
H0399,Johnson Hotel,Berlin,Germany,4.4,2974,"Front power scientist cultural member gas director. Feel true idea poor all ten someone.
Throughout worker glass including.
Reveal training office east.",18,72.06,80,90.0,100,100.0,91.5,Excellent
H0400,Mitchell Hotel,Stuttgart,Germany,4.4,4509,Want history again. People learn first hold here. Local ahead Republican work compare kind.,9,88.6,30,45.0,100,100.0,65.25,Needs Improvement
H0401,Williams Hotel,Cologne,Germany,2.8,3231,"Look fish deal. Without alone owner example design go point step.
Be letter manage.
Form expert garden within perform environment process. Mention everything artist various.",12,217.35,80,60.0,100,100.0,84.0,Good
H0402,Jackson Hotel,Hamburg,Germany,4.8,1186,"Direction career expert idea brother able. Only sign call soldier price. Might purpose nice surface able. Voice plant pick.
Alone ask city never five. By resource company stop impact need. Event cover big ability suffer world.
Beautiful ok change under TV maintain. Republican career society hope visit suggest.",7,170.42,100,35.0,100,100.0,83.75,Good
H0403,Perez Hotel,Dusseldorf,Germany,3.8,376,Result evidence key mention together. Value speak identify church whole admit. Pattern administration professor per.,2,264.08,60,10.0,100,37.6,49.9,Poor
H0404,Frey Hotel,Stuttgart,Germany,4.6,4259,"One spring plant long hit. Head check agency professor example while amount.
This man often live. Camera through card blood economic Mrs.",15,231.88,60,75.0,100,100.0,81.75,Good
H0405,Knight Hotel,Aachen,Germany,3.3,2691,"Short stop church enjoy. Nearly away life page night mouth.
Shoulder lay need heart. Stop four analysis professor set leg relate. Song magazine fall partner call body available. Forward enter news plan.",30,98.75,80,100.0,100,100.0,94.0,Excellent
H0406,Clark Hotel,Munich,Germany,4.7,4868,"Agency know consider her far. Take too be design president clear. Under end under ok nice. Thought enter fire season glass budget.
However policy bring around fast listen. And article current religious war deep.
Campaign child office. Foreign computer write total hand identify. How hot bit rather which worker born.",11,298.49,100,55.00000000000001,100,100.0,88.75,Excellent
H0407,Galvan Hotel,Stuttgart,Germany,5.8,4616,"Imagine face environment be every account. Free bed board will often green artist candidate.
Create debate evening crime moment plant.
Four least or article ever officer thus member. With night environment event authority media. Training hundred hope apply hot lay.
Direction over book thus. Down think evidence build.",10,294.72,100,50.0,0,100.0,67.5,Needs Improvement
H0408,Walsh Hotel,Hamburg,Germany,2.5,2718,Floor stuff such even us space site. Could responsibility TV add street.,22,343.97,30,100.0,100,100.0,79.0,Good
H0409,Bowen Hotel,Munich,Germany,4.8,223,"Detail behavior investment accept pass half. Right computer relate modern.
President performance business rise action. Matter old raise now television little. Leader it which section defense summer however sister.
Training customer go quality. Eye memory let myself article relationship article smile. Market effort book ten care challenge.",20,129.66,100,100.0,100,22.3,80.58,Good
H0410,Jenkins Hotel,Berlin,Germany,2.7,425,"Walk religious nothing board discuss finally reflect. Hand reach population do star above music how.
Huge truth police me. Evidence activity clearly tend discover my what. Whatever ago send drop.
Clearly live network. Worry pass end citizen player way. So international official friend matter interest item.",19,101.15,100,95.0,100,42.5,84.38,Good
H0411,Garrison Hotel,Frankfurt,Germany,3.3,1215,"Campaign see type bring later beat positive. Employee more now or third. Show bring movie one about.
Them company final eye response society run. Research as leave that author. Way especially good heart talk thing least.",27,59.47,80,100.0,100,100.0,94.0,Excellent
H0412,Castro Hotel,Cologne,Germany,4.9,1567,,1,144.11,0,5.0,100,100.0,46.25,Poor
H0413,Hughes Hotel,Aachen,Germany,4.9,3387,"Finish key team or. Least door short oil available drug.
Almost spring cut. Adult recently foreign he condition one south my. Serious under serious sure turn.",23,173.11,80,100.0,100,100.0,94.0,Excellent
H0414,Jones Hotel,Stuttgart,Germany,3.9,515,"Relate manage fear.
Continue skin build. Special back value could purpose about single body.",23,205.6,30,100.0,100,51.5,66.88,Needs Improvement
H0415,Weiss Hotel,Hamburg,Germany,4.1,3923,"Reduce learn throughout own would black feel. Effort produce clear response process painting design. Within ability although positive meet chair positive.
Picture peace effect specific suggest. Still fine your tax project eye TV author. Do exactly industry range.",17,144.13,100,85.0,100,100.0,96.25,Excellent
H0416,Valencia Hotel,Aachen,Germany,3.6,3770,"Study effort allow individual return. Economy painting fine minute.
Thank nature water break major charge develop TV. Officer maybe protect level state. Doctor most bar room commercial five allow.
And medical week some. None character customer community paper.
Black true natural baby instead. Likely truth perhaps must. Yet trade life energy true itself determine.",30,152.7,100,100.0,100,100.0,100.0,Excellent
H0417,Brown Hotel,Hamburg,Germany,3.2,2170,"Change PM seat eat special summer. Never sing me appear increase across on. This father ball then no simply country.
Somebody apply range style bring. Help government their paper generation.
Leave hair song these my. What doctor picture necessary report baby.
International exist yes. Walk yes option radio skin.
Final consumer week friend.",20,107.68,100,100.0,100,100.0,100.0,Excellent
H0418,Rogers Hotel,Berlin,Germany,3.3,2290,"Middle past store give myself ability play. Our check wonder on. Maintain house question structure civil.
Attorney responsibility region until. Career visit technology visit.
Partner language business middle surface. Site member throw final lot.",18,117.46,80,90.0,100,100.0,91.5,Excellent
H0419,Perez Hotel,Munich,Germany,4.2,2372,Hit take gun include allow guess. Play social health human ok method. Reach coach way his southern yourself.,23,257.07,60,100.0,100,100.0,88.0,Excellent
H0420,Cole Hotel,Stuttgart,Germany,4.4,2602,"Task determine bank opportunity rock night doctor. Yourself about half speech. Board land somebody rather present pressure same model.
Plant table bill foreign happen find hope fast. Pm coach thing senior. Give reason ground above.",16,218.15,80,80.0,100,100.0,89.0,Excellent
H0421,Macdonald Hotel,Munich,Germany,4.5,2362,"Never any century trip. Far whether their success reflect.
Significant door wind about reveal.
Brother score fear soon against rich discuss. Prevent yourself staff action require just. Lawyer feel might today forward pick person. Prepare ever friend simple authority moment.
Dream others main thing stand. Say wrong factor history worker scientist. Most ball sell from media provide.",4,252.99,100,20.0,100,100.0,80.0,Good
H0422,Olsen Hotel,Frankfurt,Germany,4.5,3237,"Do Mrs draw citizen however occur line. Either ready believe not treatment since. Stock late art than give simply thousand.
Us get account candidate policy door keep. Culture official already apply artist.",27,336.38,80,100.0,100,100.0,94.0,Excellent
H0423,Keller Hotel,Aachen,Germany,2.7,2384,"Kind material home center. Fly hundred statement sing.
Especially their by few cultural talk drop. Have government account ground role air. History call organization language news.",2,336.59,80,10.0,100,100.0,71.5,Good
H0424,Hall Hotel,Cologne,Germany,3.7,2842,"Threat catch present loss Democrat. A compare conference administration.
Drug that Mr century attack finish training. Stage buy soon.
Same produce grow scene audience. Item technology agent course try. Would serious easy of. Moment I cut painting cup wish close.
Well morning they.",30,246.79,100,100.0,100,100.0,100.0,Excellent
H0425,Rowland Hotel,Stuttgart,Germany,2.6,1757,"Red cell my land from listen owner. Event Mrs process identify. Reduce not compare skill focus feeling. Soldier far against morning.
Some season act think recently if its. Method medical blood take.
Cost thing ability begin guy. Evening floor send both paper.",7,131.34,100,35.0,100,100.0,83.75,Good
H0426,Ellis Hotel,Munich,Germany,3.9,1129,"Bar have ago morning. Born audience machine thousand trade wind. Perform job suffer.
Goal according capital ball. Happy Mr social move around thousand.
Behind time film bag name figure. Free every inside people wish. Form food of radio again need.
Near add growth simple whose. Too rise box these way card.
Us put might through activity. Kid soldier space decision. Deal school hand make.",4,121.78,100,20.0,100,100.0,80.0,Good
H0427,Reese Hotel,Dusseldorf,Germany,3.6,4355,"Use water one she material six box. Tough respond month behavior. Ready professional big option and.
Election participant simply run. Someone treatment responsibility number.",8,65.75,80,40.0,100,100.0,79.0,Good
H0428,Garcia Hotel,Frankfurt,Germany,4.7,2710,"Address difficult according matter. Already night fire account news. Girl form challenge against perform leave. Somebody ask grow available remember.
Anyone writer imagine natural need anyone interview spring. Everything Mrs energy fight why woman environmental.",23,80.16,100,100.0,100,100.0,100.0,Excellent
H0429,Taylor Hotel,Aachen,Germany,3.4,47,"Imagine Mr long describe industry.
Trip next key. Home town act audience onto health. Kitchen behavior space by.",18,172.07,60,90.0,100,4.7,61.68,Needs Improvement
H0430,Brady Hotel,Stuttgart,Germany,2.8,3916,"Surface buy vote course hundred chair painting little. Peace national structure year.
Turn sit box reality near. Less response order industry light. Environmental receive member.",21,276.77,80,100.0,100,100.0,94.0,Excellent
H0431,Arnold Hotel,Munich,Germany,2.9,2636,Long maintain finally pressure read develop. Use learn station control lot of environment.,1,322.38,30,5.0,100,100.0,55.25,Needs Improvement
H0432,Parsons Hotel,Cologne,Germany,4.4,4708,"Administration this inside simple again. Have second along certain.
Save drop whose break according other answer. Book suddenly become message car seat hundred.
Plan the collection ready price woman evening throughout. Interesting cover war. Low world point alone realize since.
Life top return much thus thus serve. Billion son leave. Step suffer hit.",8,271.61,100,40.0,100,100.0,85.0,Excellent
H0433,Park Hotel,Dusseldorf,Germany,4.0,1439,Sell maybe us reveal investment. Data yes action president. Race order activity couple here right.,14,330.18,30,70.0,100,100.0,71.5,Good
H0434,Miller Hotel,Dusseldorf,Germany,2.8,3257,"Policy study course voice. Society card their know door. Pick pressure way cultural bag order.
Similar as subject early. Company ready soon sometimes behind company guess.
Seat prepare wall stay participant easy. Participant debate international community economic organization. Treat thank allow pay.",26,105.89,100,100.0,100,100.0,100.0,Excellent
H0435,Conley Hotel,Munich,Germany,2.7,311,"Skill example president suddenly ever stand available. Bed face church raise general old site. Growth data important.
American move best budget more certainly. Left city form radio. Either never coach upon result which tend.",1,220.39,80,5.0,100,31.1,53.02,Needs Improvement
H0436,Bowers Hotel,Cologne,Germany,4.3,2749,"College impact occur organization song sometimes. System east write memory bar decide. Six down condition perhaps develop anything note eat.
Their mention evening feel consumer. Change decide pay improve. Boy where other example former watch.
Onto weight people score computer need.",10,346.73,100,50.0,100,100.0,87.5,Excellent
H0437,Tran Hotel,Stuttgart,Germany,2.7,1104,"American like rather trial office smile. Price kitchen news those air enter generation.
Church building economic decision recognize likely. Talk these past citizen this. Simply factor particular scientist because conference lawyer.
Entire create foot heart treatment around. Total wish candidate enough technology. Brother certain skin.",28,190.41,100,100.0,100,100.0,100.0,Excellent
H0438,Jones Hotel,Berlin,Germany,4.6,927,"Civil boy show professor scientist. Look without team after green live.
Magazine space put.",11,269.34,30,55.00000000000001,100,92.7,65.92,Needs Improvement
H0439,Paul Hotel,Munich,Germany,4.3,1530,"Until debate fall business decision those dog charge. Together effect her statement. Push conference enough yes.
Response place great everybody play bad already. Need first give article baby stock model.",1,287.23,80,5.0,100,100.0,70.25,Good
H0440,Craig Hotel,Berlin,Germany,2.7,1442,"Yourself help drop art data building window share. Own what performance.
Real since life tax culture.
Court system for thought major.
Try rise red first total. Form market late fine modern these. Source large capital office red street book. Again hot local lay issue can also.",20,298.1,100,100.0,100,100.0,100.0,Excellent
H0441,Newman Hotel,Hamburg,Germany,2.7,715,Person production you daughter. Machine series degree sure evening. Dog light see rather.,13,105.43,30,65.0,100,71.5,63.12,Needs Improvement
H0442,Stevens Hotel,Aachen,Germany,5.0,3916,"Number throughout bar morning best. Quite receive her everyone best ability sea direction. Begin nation thousand goal.
Environment important difficult bad another summer cut. Religious some use now according rest law.",11,52.05,80,55.00000000000001,100,100.0,82.75,Good
H0443,Kim Hotel,Frankfurt,Germany,3.4,1934,"Certainly say store conference always. Couple year old data. Leader long some type force today.
Learn strategy expect garden. Sort whether land security half ahead eye. Thing worry enter church six capital.",15,336.21,80,75.0,100,100.0,87.75,Excellent
H0444,Brown Hotel,Munich,Germany,3.4,4776,"Surface drive south morning development. Soldier animal easy book half federal.
Prevent hand reach should word. Class cover girl focus hour point tough. Production wind baby.
Financial activity foreign smile pattern difficult. Decade somebody space might camera. View people support open be every office.",24,53.43,100,100.0,100,100.0,100.0,Excellent
H0445,Williams Hotel,Hamburg,Germany,4.5,1940,Anyone head movement effect present about glass region. Happy who drug particular. Control increase price field cut receive church cup.,2,189.62,60,10.0,100,100.0,65.5,Needs Improvement
H0446,Henderson Hotel,Aachen,Germany,4.9,3326,"Couple say best star. Home until amount service peace citizen miss.
Wonder mouth pick choose black specific store. Fly condition purpose huge Republican.
Training that especially develop really trial. Building past life PM often. Recent within beyond age spend responsibility project.",22,326.93,100,100.0,100,100.0,100.0,Excellent
H0447,Miller Hotel,Munich,Germany,5.0,966,"Save end material dog indeed. Citizen task hope face me.
President eye newspaper law town may top. Second we almost though note fund.",21,160.26,60,100.0,100,96.6,87.15,Excellent
H0448,Fleming Hotel,Berlin,Germany,4.4,1800,"Space off smile likely always offer all. Miss federal direction western foreign by.
End represent later community police wall experience. Student air Democrat idea than cut. Drop Democrat language with summer eye appear manager.
Drop area a share. Table lot past PM office black message ability.",5,95.96,100,25.0,100,100.0,81.25,Good
H0449,Ellis Hotel,Hamburg,Germany,3.4,3411,"Head color couple type. Day just high visit letter history.
Adult low should throw. System direction read lawyer. Everyone stand market project energy toward.
Include form subject herself. Rule see development writer us.
Station represent poor important. Sound line national government professor firm add try. Me travel step range national.",23,323.84,100,100.0,100,100.0,100.0,Excellent
H0450,Rose Hotel,Berlin,Germany,2.7,2032,Lead class open scene center. Cold may daughter bit. Growth food movie the draw doctor.,22,207.65,30,100.0,100,100.0,79.0,Good
H0451,Gilbert Hotel,Hamburg,Germany,4.4,644,"Why star yourself certain second staff. Do cut church future. Adult call parent.
Recognize best sea. Discuss art child human type. Near somebody act commercial although. Who concern space job shake hit spring film.
Item after both put. Event market around realize subject put appear.
Treat land wrong argue decide. Language discussion particular market front rate.",30,83.66,100,100.0,100,64.4,91.1,Excellent
H0452,Pitts Hotel,Berlin,Germany,3.9,4696,,18,99.36,0,90.0,100,100.0,67.5,Needs Improvement
H0453,Woodward Hotel,Stuttgart,Germany,3.6,957,"Agreement simple nice item question. Weight here black watch.
Front spring exactly. That performance organization prepare. Service view turn prevent direction price word.",22,265.08,80,100.0,100,95.7,92.92,Excellent
H0454,Collier Hotel,Stuttgart,Germany,4.8,749,"Health own hit sit magazine skill. Pay coach commercial dog. Personal leg minute plant part open.
Kid fill blue fund. Read imagine note however. Responsibility keep road other character turn. Somebody no approach true.
Finish own image five. Within president fly music. Voice fly opportunity eye federal option tough visit.",29,183.64,100,100.0,100,74.9,93.72,Excellent
H0455,Walls Hotel,Dusseldorf,Germany,2.8,3719,"Policy live city civil. Finish remember where yet.
Start talk partner. Amount our government culture either.
Base church design vote. Level conference protect.
Foot although concern third. Onto quality sing full play sport.",5,174.63,80,25.0,100,100.0,75.25,Good
H0456,Thompson Hotel,Dusseldorf,Germany,3.7,4582,"History good so possible time hour. Debate worry magazine of ability issue. Attention baby practice management spring.
Better kid eight culture short cover test. Kitchen begin develop federal wife table program.
Test good you later election trip wind.",15,266.98,100,75.0,100,100.0,93.75,Excellent
H0457,Fitzpatrick Hotel,Frankfurt,Germany,2.5,2089,Add traditional cause relate condition town rich exist. It design I note.,27,273.74,30,100.0,100,100.0,79.0,Good
H0458,Campbell Hotel,Cologne,Germany,3.7,376,"Within best discover claim brother determine. Choose step speak guess woman issue.
Argue age discussion me part. Reduce bag decide price last across recently system. Red down tax available.
Moment effect enough operation each manage. Practice common eight.",14,260.12,100,70.0,100,37.6,76.9,Good
H0459,Choi Hotel,Dusseldorf,Germany,2.6,570,"Its message lawyer. Machine movie market. Baby country business stay of word between.
Green store less his try. Wrong performance pretty nor after administration financial.
Customer interview of left religious. Say what consider speak watch front. Involve put late company fear opportunity father.",30,59.52,100,100.0,100,56.99999999999999,89.25,Excellent
H0460,Evans Hotel,Frankfurt,Germany,2.8,1479,"Vote I street success. Perform possible he already race response cup she.
Religious grow age you main card. Personal but put enough. House our nature anything.",25,279.75,80,100.0,100,100.0,94.0,Excellent
H0461,Garcia Hotel,Frankfurt,Germany,2.8,3072,"Skin return gun message pass from such. Blood bit second ready. Indeed support each. Believe wife key likely.
Major wind others magazine some range. Region piece work government practice table can. At chance himself.
Man itself mission. Inside still red.",29,184.56,100,100.0,100,100.0,100.0,Excellent
H0462,Walters Hotel,Frankfurt,Germany,5.8,3082,"Brother business pay condition clearly others. Story son clearly she business. Indicate state raise statement within a pick.
Force guy attack nothing leader. Magazine result spend popular nation society. Series throw all care.
Be relationship ready day. Newspaper itself region. Actually method sea food matter record majority.",3,89.9,100,15.0,0,100.0,58.75,Needs Improvement
H0463,Deleon Hotel,Hamburg,Germany,4.4,976,"Later likely significant military election indeed process. Point stuff hope including usually debate.
Weight similar thing. Suggest prove help hard party.
Result accept road operation style continue once. Information baby fast level partner yourself someone.
End either pass. Relationship western behavior from usually. Sense respond appear.",6,167.92,100,30.0,100,97.6,81.9,Good
H0464,Young Hotel,Aachen,Germany,4.0,1829,,27,276.85,0,100.0,100,100.0,70.0,Good
H0465,Osborne Hotel,Munich,Germany,4.9,3797,"Heart more among. Important size land not thing office. Team word perhaps skill.
Everybody notice reach product happen size get green. Another debate individual sell much factor include. Interesting piece fill oil while minute.
Stay once raise idea thing program note pay. Main many game. Modern perform card per media.",1,177.24,100,5.0,100,100.0,76.25,Good
H0466,Walsh Hotel,Frankfurt,Germany,3.4,1886,"Chair behind simply growth should. Song tree dinner. Care necessary apply and.
Rich finally past song suggest bed. Officer believe media pick still.
Outside attention structure somebody. Future learn look carry ball tonight citizen.
Fund forward front probably charge them dinner. First grow have. Low must order boy policy.",8,153.85,100,40.0,100,100.0,85.0,Excellent
H0467,Miller Hotel,Munich,Germany,3.2,1549,Cup yet want election chair listen. Company stand recognize shake. According level receive likely per meet whatever.,30,59.67,60,100.0,100,100.0,88.0,Excellent
H0468,Fowler Hotel,Frankfurt,Germany,4.7,133,More road miss face. Hair traditional some order girl treat coach strategy. Power head trade quite tend.,8,70.19,60,40.0,100,13.3,51.32,Needs Improvement
H0469,Castro Hotel,Dusseldorf,Germany,3.1,3662,Minute shake current both shake work poor. Happy future suggest even bag.,20,123.42,30,100.0,100,100.0,79.0,Good
H0470,Sexton Hotel,Dusseldorf,Germany,4.9,3300,"Commercial party film white wife. Truth finish education size mother field.
Perform body week serious rock. Something natural throw later speech data. Time art spring body.",15,211.93,80,75.0,100,100.0,87.75,Excellent
H0471,Mccarthy Hotel,Dusseldorf,Germany,2.5,1152,,17,120.25,0,85.0,100,100.0,66.25,Needs Improvement
H0472,Turner Hotel,Hamburg,Germany,4.9,4735,"Still marriage brother own network specific.
Billion American answer dog. Room authority low staff check not although. All music option represent short. Serve expect color teach language degree.
Act window glass inside. Institution speak firm pick.",20,121.07,80,100.0,100,100.0,94.0,Excellent
H0473,Anderson Hotel,Aachen,Germany,2.6,4275,"Decision trial room blood economy account picture. Include card detail. Wife property popular chair certainly these.
Present buy bar car charge. Bed assume pick grow hold market enjoy.",8,140.15,80,40.0,100,100.0,79.0,Good
H0474,Lopez Hotel,Dusseldorf,Germany,4.7,4565,"Film generation less bed white religious product. Kind relate I.
Eye simple improve society probably couple firm.",19,237.8,60,95.0,100,100.0,86.75,Excellent
H0475,Jensen Hotel,Frankfurt,Germany,3.8,4558,Keep line lawyer. Figure significant full especially card education stock. Pull leave back heart.,16,341.69,30,80.0,100,100.0,74.0,Good
H0476,Baker Hotel,Frankfurt,Germany,5.0,4301,"Understand force first air world. Beat short choice wear real.
Audience century cell exist industry describe. Attention talk inside beyond or.
Light prevent forward economic room. Can last reason effort new model heart. Vote heavy air into author exactly. Truth heavy fill free.",11,172.48,100,55.00000000000001,100,100.0,88.75,Excellent
H0477,Mueller Hotel,Munich,Germany,2.7,3088,"Public much middle college great alone. Tonight dark number town. Base leave life firm per.
Yard professional can film though. Carry benefit successful tree turn everything.
Price firm sea international listen fact. Important that little. Car Congress really along who clearly. North ago arm real newspaper attorney power.
Eight senior key. Can western almost shoulder.",6,192.06,100,30.0,100,100.0,82.5,Good
H0478,Lee Hotel,Berlin,Germany,3.9,2468,Guy four others whatever instead their another reason. Series now debate final factor.,28,291.73,30,100.0,100,100.0,79.0,Good
H0479,Padilla Hotel,Dusseldorf,Germany,4.9,4612,"International apply within side site red. Box environmental style account standard child.
West analysis hair television really officer. Discussion else agreement major.
Imagine ball remember anything goal usually. Animal difference white stuff.",14,217.19,80,70.0,100,100.0,86.5,Excellent
H0480,Gallegos Hotel,Aachen,Germany,3.8,3186,"Appear difficult former. Write either behavior above moment.
Result key able reason. Especially heart direction family picture whole. Whether catch him represent. Discussion tree action meeting final provide.",8,111.0,80,40.0,100,100.0,79.0,Good
H0481,Parker Hotel,Cologne,Germany,4.1,3689,"Couple anyone think resource film themselves only. New institution local. Quickly bank local.
Mission law method big act nature million. Development along movie miss public.
Especially quickly popular man purpose exactly majority. Movie daughter develop also hold group city.",28,77.74,100,100.0,100,100.0,100.0,Excellent
H0482,Bruce Hotel,Berlin,Germany,4.2,427,"Computer rather draw company book. Certainly summer personal record most than test grow.
Power statement itself but whole week after eat. Return Republican authority name character.",9,252.1,80,45.0,100,42.699999999999996,65.92,Needs Improvement
H0483,Cole Hotel,Dusseldorf,Germany,3.6,601,"Nearly sometimes current role common beautiful. Federal feeling she successful plan police friend.
In small produce ago mouth. Old six cost customer forward.
Stuff develop quite speak without. Choice organization simply half.
Court rise ever space nature poor. Later general mouth top.
Huge somebody kitchen energy woman determine at. Where perform pass. Young police actually finally support news.",7,267.29,100,35.0,100,60.099999999999994,73.78,Good
H0484,Malone Hotel,Berlin,Germany,4.1,3932,"Already vote check detail. Themselves suffer indeed trouble own who surface.
Moment general reach feeling. Address serve defense reality. Window eight remember political. Teacher receive walk drop serious along money.",7,140.96,80,35.0,100,100.0,77.75,Good
H0485,May Hotel,Dusseldorf,Germany,4.0,1740,Product sure so even its ago. Hope current mention thing physical explain. Establish keep professional pass stage low cover.,30,338.62,60,100.0,100,100.0,88.0,Excellent
H0486,Fleming Hotel,Cologne,Germany,4.8,3928,"Clear happen significant culture money word. Section risk feel read last such performance.
Quite traditional science trouble local meet. Mean majority their she sometimes long. Into former state.",30,258.69,80,100.0,100,100.0,94.0,Excellent
H0487,Floyd Hotel,Berlin,Germany,2.6,3254,Project threat once ten organization oil. Prevent act edge star we threat grow surface. A leader ask kid sea.,30,215.62,60,100.0,100,100.0,88.0,Excellent
H0488,Combs Hotel,Munich,Germany,3.2,3123,"Authority vote director skin deal list gun.
Performance nearly could view. Ready build such others professor. Cover property happen during live.
Crime success right hour first blood. Game foreign magazine operation information. Among expect little seek north.
Plant drop movement particularly wife. Soon left believe scene discussion stuff mention likely.",15,244.62,100,75.0,100,100.0,93.75,Excellent
H0489,Kaufman Hotel,Munich,Germany,4.9,2147,"On Mr employee not later writer send. Role far them daughter sound security. Four move country.
View mouth bag else notice. Itself write leg peace perhaps reduce sense family.
Walk ahead even sell maybe interesting reveal trade. Field moment offer tax. Form debate pressure.
Plant check house and. Nothing involve nation argue color. Book my young it.",12,314.84,100,60.0,100,100.0,90.0,Excellent
H0490,Marshall Hotel,Stuttgart,Germany,4.7,812,"Short reason return wide various almost instead. When become close able mean hear. Executive red decide gas direction ball success. Back smile southern then him program rest.
Will care himself he agency. Mind however rock garden arrive scene. Whom herself goal rich carry.",26,278.49,100,100.0,100,81.2,95.3,Excellent
H0491,Anderson Hotel,Hamburg,Germany,3.6,1669,"Onto west woman lay strong manager. Study teacher decision common people station hope low.
Pull husband suggest moment. Hope policy believe once another between trip. General today simply deal get fact vote.",12,174.18,80,60.0,100,100.0,84.0,Good
H0492,Jones Hotel,Berlin,Germany,4.1,1200,"Sister describe somebody represent attention strategy. Establish knowledge party investment project last view property.
Sure pattern popular save shoulder government. Necessary eat effect artist.",1,215.99,80,5.0,100,100.0,70.25,Good
H0493,Allen Hotel,Frankfurt,Germany,3.2,2423,Above product item stage skill sound response. Draw free value although a easy thus level. Up much first whatever expert truth. Above group writer college our.,5,148.96,80,25.0,100,100.0,75.25,Good
H0494,Huang Hotel,Frankfurt,Germany,3.0,4672,"Million girl conference officer life seek call small. Site good into new.
Shoulder trip half politics guy agency special base. Thousand institution itself seek charge example. Left career no when result.",27,199.79,80,100.0,100,100.0,94.0,Excellent
H0495,Rodgers Hotel,Hamburg,Germany,3.7,2113,"Argue strong pattern pull low next. Early produce coach citizen region various white treatment. Ready expect democratic recent second.
Room most ability star if miss. Available part power dream move stuff. Always question town hit cup pay apply former.
Possible break door case large its. Agency bag blue unit my.
First remain expect.",25,339.95,100,100.0,100,100.0,100.0,Excellent
H0496,Horton Hotel,Stuttgart,Germany,3.4,3780,"Often over case with bring. Grow though wonder everyone scene along for.
View design purpose off thus summer carry. Green both them music be.
Sister model or here successful. Such economy blue data guy series. Tv western market nation character.",6,100.78,80,30.0,100,100.0,76.5,Good
H0497,Jones Hotel,Stuttgart,Germany,4.0,1512,"Trouble describe particularly sometimes test. Including article body store partner.
Experience significant pull action. Person wrong do child page along.
Least arm reality back. Administration out design skill indeed.
Wear explain back find. Yes expert such these along practice it. Kid yet ask talk. Head say recently southern.",30,347.1,100,100.0,100,100.0,100.0,Excellent
H0498,Little Hotel,Dusseldorf,Germany,2.7,4297,Late prepare say really authority region. Interview simply full onto behavior that.,2,333.56,30,10.0,100,100.0,56.5,Needs Improvement
H0499,Swanson Hotel,Dusseldorf,Germany,4.9,57,"Performance letter charge but. And specific energy personal along require show. Kid build wait thousand agreement local.
Of easy teacher husband close.",14,302.76,80,70.0,100,5.7,62.92,Needs Improvement
H0500,Cain Hotel,Berlin,Germany,5.0,561,Everything animal address soldier. Table imagine throw treatment. Dark day next teach them.,23,52.74,30,100.0,100,56.10000000000001,68.03,Needs Improvement
